date,item,category,store,price
2024-01-01,Milk,Dairy,Store A,4.77
2024-01-02,Milk,Dairy,Store A,5.06
2024-01-03,Milk,Dairy,Store A,5.05
2024-01-04,Milk,Dairy,Store A,5.2
2024-01-05,Milk,Dairy,Store A,4.88
2024-01-06,Milk,Dairy,Store A,4.89
2024-01-07,Milk,Dairy,Store A,4.88
2024-01-08,Milk,Dairy,Store A,4.81
2024-01-09,Milk,Dairy,Store A,4.47
2024-01-10,Milk,Dairy,Store A,5.19
2024-01-11,Milk,Dairy,Store A,5.16
2024-01-12,Milk,Dairy,Store A,4.69
2024-01-13,Milk,Dairy,Store A,4.91
2024-01-14,Milk,Dairy,Store A,4.85
2024-01-15,Milk,Dairy,Store A,4.86
2024-01-16,Milk,Dairy,Store A,4.57
2024-01-17,Milk,Dairy,Store A,4.87
2024-01-18,Milk,Dairy,Store A,5.12
2024-01-19,Milk,Dairy,Store A,5.51
2024-01-20,Milk,Dairy,Store A,5.08
2024-01-21,Milk,Dairy,Store A,5.02
2024-01-22,Milk,Dairy,Store A,4.89
2024-01-23,Milk,Dairy,Store A,4.88
2024-01-24,Milk,Dairy,Store A,5.19
2024-01-25,Milk,Dairy,Store A,5.05
2024-01-26,Milk,Dairy,Store A,4.87
2024-01-27,Milk,Dairy,Store A,4.79
2024-01-28,Milk,Dairy,Store A,4.96
2024-01-29,Milk,Dairy,Store A,4.89
2024-01-30,Milk,Dairy,Store A,5.0
2024-01-31,Milk,Dairy,Store A,4.95
2024-02-01,Milk,Dairy,Store A,5.07
2024-02-02,Milk,Dairy,Store A,4.74
2024-02-03,Milk,Dairy,Store A,5.21
2024-02-04,Milk,Dairy,Store A,5.55
2024-02-05,Milk,Dairy,Store A,5.24
2024-02-06,Milk,Dairy,Store A,5.04
2024-02-07,Milk,Dairy,Store A,5.17
2024-02-08,Milk,Dairy,Store A,4.79
2024-02-09,Milk,Dairy,Store A,4.68
2024-02-10,Milk,Dairy,Store A,5.15
2024-02-11,Milk,Dairy,Store A,4.89
2024-02-12,Milk,Dairy,Store A,4.73
2024-02-13,Milk,Dairy,Store A,4.82
2024-02-14,Milk,Dairy,Store A,4.77
2024-02-15,Milk,Dairy,Store A,5.02
2024-02-16,Milk,Dairy,Store A,5.11
2024-02-17,Milk,Dairy,Store A,5.17
2024-02-18,Milk,Dairy,Store A,5.18
2024-02-19,Milk,Dairy,Store A,5.15
2024-02-20,Milk,Dairy,Store A,4.95
2024-02-21,Milk,Dairy,Store A,4.87
2024-02-22,Milk,Dairy,Store A,4.69
2024-02-23,Milk,Dairy,Store A,5.22
2024-02-24,Milk,Dairy,Store A,4.96
2024-02-25,Milk,Dairy,Store A,4.91
2024-02-26,Milk,Dairy,Store A,5.23
2024-02-27,Milk,Dairy,Store A,4.82
2024-02-28,Milk,Dairy,Store A,5.16
2024-02-29,Milk,Dairy,Store A,5.06
2024-03-01,Milk,Dairy,Store A,4.79
2024-03-02,Milk,Dairy,Store A,4.98
2024-03-03,Milk,Dairy,Store A,5.19
2024-03-04,Milk,Dairy,Store A,5.16
2024-03-05,Milk,Dairy,Store A,5.3
2024-03-06,Milk,Dairy,Store A,5.06
2024-03-07,Milk,Dairy,Store A,5.67
2024-03-08,Milk,Dairy,Store A,4.81
2024-03-09,Milk,Dairy,Store A,4.92
2024-03-10,Milk,Dairy,Store A,4.98
2024-03-11,Milk,Dairy,Store A,4.71
2024-03-12,Milk,Dairy,Store A,5.2
2024-03-13,Milk,Dairy,Store A,5.18
2024-03-14,Milk,Dairy,Store A,5.0
2024-03-15,Milk,Dairy,Store A,4.89
2024-03-16,Milk,Dairy,Store A,4.7
2024-03-17,Milk,Dairy,Store A,4.84
2024-03-18,Milk,Dairy,Store A,5.15
2024-03-19,Milk,Dairy,Store A,4.95
2024-03-20,Milk,Dairy,Store A,4.91
2024-03-21,Milk,Dairy,Store A,5.1
2024-03-22,Milk,Dairy,Store A,5.23
2024-03-23,Milk,Dairy,Store A,5.05
2024-03-24,Milk,Dairy,Store A,5.06
2024-03-25,Milk,Dairy,Store A,5.27
2024-03-26,Milk,Dairy,Store A,5.03
2024-03-27,Milk,Dairy,Store A,4.93
2024-03-28,Milk,Dairy,Store A,5.13
2024-03-29,Milk,Dairy,Store A,4.94
2024-03-30,Milk,Dairy,Store A,4.92
2024-03-31,Milk,Dairy,Store A,5.25
2024-04-01,Milk,Dairy,Store A,4.94
2024-04-02,Milk,Dairy,Store A,4.47
2024-04-03,Milk,Dairy,Store A,5.07
2024-04-04,Milk,Dairy,Store A,4.92
2024-04-05,Milk,Dairy,Store A,4.94
2024-04-06,Milk,Dairy,Store A,5.09
2024-04-07,Milk,Dairy,Store A,4.96
2024-04-08,Milk,Dairy,Store A,5.04
2024-04-09,Milk,Dairy,Store A,4.59
2024-04-10,Milk,Dairy,Store A,4.81
2024-04-11,Milk,Dairy,Store A,5.28
2024-04-12,Milk,Dairy,Store A,4.99
2024-04-13,Milk,Dairy,Store A,4.66
2024-04-14,Milk,Dairy,Store A,4.78
2024-04-15,Milk,Dairy,Store A,4.8
2024-04-16,Milk,Dairy,Store A,5.02
2024-04-17,Milk,Dairy,Store A,4.91
2024-04-18,Milk,Dairy,Store A,4.86
2024-04-19,Milk,Dairy,Store A,5.0
2024-04-20,Milk,Dairy,Store A,5.09
2024-04-21,Milk,Dairy,Store A,4.94
2024-04-22,Milk,Dairy,Store A,4.88
2024-04-23,Milk,Dairy,Store A,4.91
2024-04-24,Milk,Dairy,Store A,5.06
2024-04-25,Milk,Dairy,Store A,4.99
2024-04-26,Milk,Dairy,Store A,5.15
2024-04-27,Milk,Dairy,Store A,4.77
2024-04-28,Milk,Dairy,Store A,4.84
2024-04-29,Milk,Dairy,Store A,5.15
2024-04-30,Milk,Dairy,Store A,4.84
2024-05-01,Milk,Dairy,Store A,5.27
2024-05-02,Milk,Dairy,Store A,5.28
2024-05-03,Milk,Dairy,Store A,5.27
2024-05-04,Milk,Dairy,Store A,4.82
2024-05-05,Milk,Dairy,Store A,5.01
2024-05-06,Milk,Dairy,Store A,4.9
2024-05-07,Milk,Dairy,Store A,5.18
2024-05-08,Milk,Dairy,Store A,5.34
2024-05-09,Milk,Dairy,Store A,5.17
2024-05-10,Milk,Dairy,Store A,5.0
2024-05-11,Milk,Dairy,Store A,4.92
2024-05-12,Milk,Dairy,Store A,5.13
2024-05-13,Milk,Dairy,Store A,4.75
2024-05-14,Milk,Dairy,Store A,5.1
2024-05-15,Milk,Dairy,Store A,4.81
2024-05-16,Milk,Dairy,Store A,5.12
2024-05-17,Milk,Dairy,Store A,4.96
2024-05-18,Milk,Dairy,Store A,4.92
2024-05-19,Milk,Dairy,Store A,4.82
2024-05-20,Milk,Dairy,Store A,4.92
2024-05-21,Milk,Dairy,Store A,5.11
2024-05-22,Milk,Dairy,Store A,5.21
2024-05-23,Milk,Dairy,Store A,5.1
2024-05-24,Milk,Dairy,Store A,5.27
2024-05-25,Milk,Dairy,Store A,5.5
2024-05-26,Milk,Dairy,Store A,4.93
2024-05-27,Milk,Dairy,Store A,4.96
2024-05-28,Milk,Dairy,Store A,4.71
2024-05-29,Milk,Dairy,Store A,5.23
2024-05-30,Milk,Dairy,Store A,5.26
2024-05-31,Milk,Dairy,Store A,4.82
2024-06-01,Milk,Dairy,Store A,5.12
2024-06-02,Milk,Dairy,Store A,5.24
2024-06-03,Milk,Dairy,Store A,5.04
2024-06-04,Milk,Dairy,Store A,5.17
2024-06-05,Milk,Dairy,Store A,5.03
2024-06-06,Milk,Dairy,Store A,4.75
2024-06-07,Milk,Dairy,Store A,5.21
2024-06-08,Milk,Dairy,Store A,5.26
2024-06-09,Milk,Dairy,Store A,5.14
2024-06-10,Milk,Dairy,Store A,4.81
2024-06-11,Milk,Dairy,Store A,4.85
2024-06-12,Milk,Dairy,Store A,4.77
2024-06-13,Milk,Dairy,Store A,5.15
2024-06-14,Milk,Dairy,Store A,5.25
2024-06-15,Milk,Dairy,Store A,5.08
2024-06-16,Milk,Dairy,Store A,5.18
2024-06-17,Milk,Dairy,Store A,4.82
2024-06-18,Milk,Dairy,Store A,5.03
2024-06-19,Milk,Dairy,Store A,4.72
2024-06-20,Milk,Dairy,Store A,4.84
2024-06-21,Milk,Dairy,Store A,5.17
2024-06-22,Milk,Dairy,Store A,4.95
2024-06-23,Milk,Dairy,Store A,5.24
2024-06-24,Milk,Dairy,Store A,5.1
2024-06-25,Milk,Dairy,Store A,5.54
2024-06-26,Milk,Dairy,Store A,5.02
2024-06-27,Milk,Dairy,Store A,4.72
2024-06-28,Milk,Dairy,Store A,4.99
2024-06-29,Milk,Dairy,Store A,4.8
2024-06-30,Milk,Dairy,Store A,5.19
2024-01-01,Milk,Dairy,Store B,1.98
2024-01-02,Milk,Dairy,Store B,2.29
2024-01-03,Milk,Dairy,Store B,2.15
2024-01-04,Milk,Dairy,Store B,2.34
2024-01-05,Milk,Dairy,Store B,2.29
2024-01-06,Milk,Dairy,Store B,2.18
2024-01-07,Milk,Dairy,Store B,2.03
2024-01-08,Milk,Dairy,Store B,1.89
2024-01-09,Milk,Dairy,Store B,2.11
2024-01-10,Milk,Dairy,Store B,2.37
2024-01-11,Milk,Dairy,Store B,2.24
2024-01-12,Milk,Dairy,Store B,1.95
2024-01-13,Milk,Dairy,Store B,2.23
2024-01-14,Milk,Dairy,Store B,2.27
2024-01-15,Milk,Dairy,Store B,2.02
2024-01-16,Milk,Dairy,Store B,2.23
2024-01-17,Milk,Dairy,Store B,2.21
2024-01-18,Milk,Dairy,Store B,1.97
2024-01-19,Milk,Dairy,Store B,2.27
2024-01-20,Milk,Dairy,Store B,2.31
2024-01-21,Milk,Dairy,Store B,2.41
2024-01-22,Milk,Dairy,Store B,2.41
2024-01-23,Milk,Dairy,Store B,1.92
2024-01-24,Milk,Dairy,Store B,2.01
2024-01-25,Milk,Dairy,Store B,2.3
2024-01-26,Milk,Dairy,Store B,2.3
2024-01-27,Milk,Dairy,Store B,2.3
2024-01-28,Milk,Dairy,Store B,2.97
2024-01-29,Milk,Dairy,Store B,2.31
2024-01-30,Milk,Dairy,Store B,2.42
2024-01-31,Milk,Dairy,Store B,2.39
2024-02-01,Milk,Dairy,Store B,2.32
2024-02-02,Milk,Dairy,Store B,2.13
2024-02-03,Milk,Dairy,Store B,2.35
2024-02-04,Milk,Dairy,Store B,2.04
2024-02-05,Milk,Dairy,Store B,2.15
2024-02-06,Milk,Dairy,Store B,2.1
2024-02-07,Milk,Dairy,Store B,2.21
2024-02-08,Milk,Dairy,Store B,2.66
2024-02-09,Milk,Dairy,Store B,1.82
2024-02-10,Milk,Dairy,Store B,2.33
2024-02-11,Milk,Dairy,Store B,1.87
2024-02-12,Milk,Dairy,Store B,2.1
2024-02-13,Milk,Dairy,Store B,2.41
2024-02-14,Milk,Dairy,Store B,2.21
2024-02-15,Milk,Dairy,Store B,1.98
2024-02-16,Milk,Dairy,Store B,2.05
2024-02-17,Milk,Dairy,Store B,2.33
2024-02-18,Milk,Dairy,Store B,2.05
2024-02-19,Milk,Dairy,Store B,2.24
2024-02-20,Milk,Dairy,Store B,2.2
2024-02-21,Milk,Dairy,Store B,2.06
2024-02-22,Milk,Dairy,Store B,2.62
2024-02-23,Milk,Dairy,Store B,2.32
2024-02-24,Milk,Dairy,Store B,1.79
2024-02-25,Milk,Dairy,Store B,2.23
2024-02-26,Milk,Dairy,Store B,2.06
2024-02-27,Milk,Dairy,Store B,2.37
2024-02-28,Milk,Dairy,Store B,2.04
2024-02-29,Milk,Dairy,Store B,2.17
2024-03-01,Milk,Dairy,Store B,2.3
2024-03-02,Milk,Dairy,Store B,2.37
2024-03-03,Milk,Dairy,Store B,1.95
2024-03-04,Milk,Dairy,Store B,2.13
2024-03-05,Milk,Dairy,Store B,2.1
2024-03-06,Milk,Dairy,Store B,2.06
2024-03-07,Milk,Dairy,Store B,2.55
2024-03-08,Milk,Dairy,Store B,2.28
2024-03-09,Milk,Dairy,Store B,1.94
2024-03-10,Milk,Dairy,Store B,2.38
2024-03-11,Milk,Dairy,Store B,2.62
2024-03-12,Milk,Dairy,Store B,2.4
2024-03-13,Milk,Dairy,Store B,1.89
2024-03-14,Milk,Dairy,Store B,2.1
2024-03-15,Milk,Dairy,Store B,2.45
2024-03-16,Milk,Dairy,Store B,2.05
2024-03-17,Milk,Dairy,Store B,2.28
2024-03-18,Milk,Dairy,Store B,2.35
2024-03-19,Milk,Dairy,Store B,2.01
2024-03-20,Milk,Dairy,Store B,2.18
2024-03-21,Milk,Dairy,Store B,1.55
2024-03-22,Milk,Dairy,Store B,1.99
2024-03-23,Milk,Dairy,Store B,2.14
2024-03-24,Milk,Dairy,Store B,1.94
2024-03-25,Milk,Dairy,Store B,2.52
2024-03-26,Milk,Dairy,Store B,1.91
2024-03-27,Milk,Dairy,Store B,2.11
2024-03-28,Milk,Dairy,Store B,2.22
2024-03-29,Milk,Dairy,Store B,2.48
2024-03-30,Milk,Dairy,Store B,1.91
2024-03-31,Milk,Dairy,Store B,2.43
2024-04-01,Milk,Dairy,Store B,2.2
2024-04-02,Milk,Dairy,Store B,2.0
2024-04-03,Milk,Dairy,Store B,2.29
2024-04-04,Milk,Dairy,Store B,2.23
2024-04-05,Milk,Dairy,Store B,2.07
2024-04-06,Milk,Dairy,Store B,2.21
2024-04-07,Milk,Dairy,Store B,2.12
2024-04-08,Milk,Dairy,Store B,2.22
2024-04-09,Milk,Dairy,Store B,2.33
2024-04-10,Milk,Dairy,Store B,2.51
2024-04-11,Milk,Dairy,Store B,1.95
2024-04-12,Milk,Dairy,Store B,2.62
2024-04-13,Milk,Dairy,Store B,1.8
2024-04-14,Milk,Dairy,Store B,2.16
2024-04-15,Milk,Dairy,Store B,2.31
2024-04-16,Milk,Dairy,Store B,2.25
2024-04-17,Milk,Dairy,Store B,2.07
2024-04-18,Milk,Dairy,Store B,2.15
2024-04-19,Milk,Dairy,Store B,2.1
2024-04-20,Milk,Dairy,Store B,2.08
2024-04-21,Milk,Dairy,Store B,2.36
2024-04-22,Milk,Dairy,Store B,2.27
2024-04-23,Milk,Dairy,Store B,2.06
2024-04-24,Milk,Dairy,Store B,2.37
2024-04-25,Milk,Dairy,Store B,2.26
2024-04-26,Milk,Dairy,Store B,2.36
2024-04-27,Milk,Dairy,Store B,2.32
2024-04-28,Milk,Dairy,Store B,2.03
2024-04-29,Milk,Dairy,Store B,2.08
2024-04-30,Milk,Dairy,Store B,2.34
2024-05-01,Milk,Dairy,Store B,2.32
2024-05-02,Milk,Dairy,Store B,2.19
2024-05-03,Milk,Dairy,Store B,2.22
2024-05-04,Milk,Dairy,Store B,2.45
2024-05-05,Milk,Dairy,Store B,2.08
2024-05-06,Milk,Dairy,Store B,2.3
2024-05-07,Milk,Dairy,Store B,2.15
2024-05-08,Milk,Dairy,Store B,2.15
2024-05-09,Milk,Dairy,Store B,2.41
2024-05-10,Milk,Dairy,Store B,2.36
2024-05-11,Milk,Dairy,Store B,2.36
2024-05-12,Milk,Dairy,Store B,2.46
2024-05-13,Milk,Dairy,Store B,2.2
2024-05-14,Milk,Dairy,Store B,2.33
2024-05-15,Milk,Dairy,Store B,2.13
2024-05-16,Milk,Dairy,Store B,2.26
2024-05-17,Milk,Dairy,Store B,2.17
2024-05-18,Milk,Dairy,Store B,2.21
2024-05-19,Milk,Dairy,Store B,2.31
2024-05-20,Milk,Dairy,Store B,2.03
2024-05-21,Milk,Dairy,Store B,2.61
2024-05-22,Milk,Dairy,Store B,1.99
2024-05-23,Milk,Dairy,Store B,1.95
2024-05-24,Milk,Dairy,Store B,2.43
2024-05-25,Milk,Dairy,Store B,2.35
2024-05-26,Milk,Dairy,Store B,2.32
2024-05-27,Milk,Dairy,Store B,2.32
2024-05-28,Milk,Dairy,Store B,2.19
2024-05-29,Milk,Dairy,Store B,2.02
2024-05-30,Milk,Dairy,Store B,2.21
2024-05-31,Milk,Dairy,Store B,2.06
2024-06-01,Milk,Dairy,Store B,2.39
2024-06-02,Milk,Dairy,Store B,2.17
2024-06-03,Milk,Dairy,Store B,2.03
2024-06-04,Milk,Dairy,Store B,2.13
2024-06-05,Milk,Dairy,Store B,2.28
2024-06-06,Milk,Dairy,Store B,2.08
2024-06-07,Milk,Dairy,Store B,2.03
2024-06-08,Milk,Dairy,Store B,2.24
2024-06-09,Milk,Dairy,Store B,2.24
2024-06-10,Milk,Dairy,Store B,2.09
2024-06-11,Milk,Dairy,Store B,2.1
2024-06-12,Milk,Dairy,Store B,2.24
2024-06-13,Milk,Dairy,Store B,1.9
2024-06-14,Milk,Dairy,Store B,1.91
2024-06-15,Milk,Dairy,Store B,2.05
2024-06-16,Milk,Dairy,Store B,2.15
2024-06-17,Milk,Dairy,Store B,2.26
2024-06-18,Milk,Dairy,Store B,2.49
2024-06-19,Milk,Dairy,Store B,2.37
2024-06-20,Milk,Dairy,Store B,2.16
2024-06-21,Milk,Dairy,Store B,2.19
2024-06-22,Milk,Dairy,Store B,1.99
2024-06-23,Milk,Dairy,Store B,2.19
2024-06-24,Milk,Dairy,Store B,2.14
2024-06-25,Milk,Dairy,Store B,2.26
2024-06-26,Milk,Dairy,Store B,2.03
2024-06-27,Milk,Dairy,Store B,2.3
2024-06-28,Milk,Dairy,Store B,2.5
2024-06-29,Milk,Dairy,Store B,2.17
2024-06-30,Milk,Dairy,Store B,2.27
2024-01-01,Milk,Dairy,Store C,4.22
2024-01-02,Milk,Dairy,Store C,4.38
2024-01-03,Milk,Dairy,Store C,4.3
2024-01-04,Milk,Dairy,Store C,4.48
2024-01-05,Milk,Dairy,Store C,4.38
2024-01-06,Milk,Dairy,Store C,4.3
2024-01-07,Milk,Dairy,Store C,4.74
2024-01-08,Milk,Dairy,Store C,4.37
2024-01-09,Milk,Dairy,Store C,4.2
2024-01-10,Milk,Dairy,Store C,4.66
2024-01-11,Milk,Dairy,Store C,4.53
2024-01-12,Milk,Dairy,Store C,4.65
2024-01-13,Milk,Dairy,Store C,4.26
2024-01-14,Milk,Dairy,Store C,4.48
2024-01-15,Milk,Dairy,Store C,4.0
2024-01-16,Milk,Dairy,Store C,4.44
2024-01-17,Milk,Dairy,Store C,4.25
2024-01-18,Milk,Dairy,Store C,4.01
2024-01-19,Milk,Dairy,Store C,4.49
2024-01-20,Milk,Dairy,Store C,3.92
2024-01-21,Milk,Dairy,Store C,3.9
2024-01-22,Milk,Dairy,Store C,4.36
2024-01-23,Milk,Dairy,Store C,4.4
2024-01-24,Milk,Dairy,Store C,4.48
2024-01-25,Milk,Dairy,Store C,4.43
2024-01-26,Milk,Dairy,Store C,4.58
2024-01-27,Milk,Dairy,Store C,4.43
2024-01-28,Milk,Dairy,Store C,4.26
2024-01-29,Milk,Dairy,Store C,4.27
2024-01-30,Milk,Dairy,Store C,4.23
2024-01-31,Milk,Dairy,Store C,4.34
2024-02-01,Milk,Dairy,Store C,4.07
2024-02-02,Milk,Dairy,Store C,4.35
2024-02-03,Milk,Dairy,Store C,4.27
2024-02-04,Milk,Dairy,Store C,4.34
2024-02-05,Milk,Dairy,Store C,4.34
2024-02-06,Milk,Dairy,Store C,3.8
2024-02-07,Milk,Dairy,Store C,4.11
2024-02-08,Milk,Dairy,Store C,4.26
2024-02-09,Milk,Dairy,Store C,4.27
2024-02-10,Milk,Dairy,Store C,4.34
2024-02-11,Milk,Dairy,Store C,4.35
2024-02-12,Milk,Dairy,Store C,4.59
2024-02-13,Milk,Dairy,Store C,4.35
2024-02-14,Milk,Dairy,Store C,4.22
2024-02-15,Milk,Dairy,Store C,3.97
2024-02-16,Milk,Dairy,Store C,4.01
2024-02-17,Milk,Dairy,Store C,4.39
2024-02-18,Milk,Dairy,Store C,4.5
2024-02-19,Milk,Dairy,Store C,4.59
2024-02-20,Milk,Dairy,Store C,4.12
2024-02-21,Milk,Dairy,Store C,4.22
2024-02-22,Milk,Dairy,Store C,4.33
2024-02-23,Milk,Dairy,Store C,4.7
2024-02-24,Milk,Dairy,Store C,4.31
2024-02-25,Milk,Dairy,Store C,4.6
2024-02-26,Milk,Dairy,Store C,4.32
2024-02-27,Milk,Dairy,Store C,4.52
2024-02-28,Milk,Dairy,Store C,4.49
2024-02-29,Milk,Dairy,Store C,4.32
2024-03-01,Milk,Dairy,Store C,4.08
2024-03-02,Milk,Dairy,Store C,4.23
2024-03-03,Milk,Dairy,Store C,4.58
2024-03-04,Milk,Dairy,Store C,4.46
2024-03-05,Milk,Dairy,Store C,4.2
2024-03-06,Milk,Dairy,Store C,4.22
2024-03-07,Milk,Dairy,Store C,3.94
2024-03-08,Milk,Dairy,Store C,4.57
2024-03-09,Milk,Dairy,Store C,4.46
2024-03-10,Milk,Dairy,Store C,4.26
2024-03-11,Milk,Dairy,Store C,4.33
2024-03-12,Milk,Dairy,Store C,3.85
2024-03-13,Milk,Dairy,Store C,4.19
2024-03-14,Milk,Dairy,Store C,4.55
2024-03-15,Milk,Dairy,Store C,4.48
2024-03-16,Milk,Dairy,Store C,4.35
2024-03-17,Milk,Dairy,Store C,4.28
2024-03-18,Milk,Dairy,Store C,4.44
2024-03-19,Milk,Dairy,Store C,4.23
2024-03-20,Milk,Dairy,Store C,3.95
2024-03-21,Milk,Dairy,Store C,4.28
2024-03-22,Milk,Dairy,Store C,4.37
2024-03-23,Milk,Dairy,Store C,4.51
2024-03-24,Milk,Dairy,Store C,4.0
2024-03-25,Milk,Dairy,Store C,4.26
2024-03-26,Milk,Dairy,Store C,4.27
2024-03-27,Milk,Dairy,Store C,4.07
2024-03-28,Milk,Dairy,Store C,4.38
2024-03-29,Milk,Dairy,Store C,4.44
2024-03-30,Milk,Dairy,Store C,4.23
2024-03-31,Milk,Dairy,Store C,4.7
2024-04-01,Milk,Dairy,Store C,4.22
2024-04-02,Milk,Dairy,Store C,4.2
2024-04-03,Milk,Dairy,Store C,4.19
2024-04-04,Milk,Dairy,Store C,4.12
2024-04-05,Milk,Dairy,Store C,4.17
2024-04-06,Milk,Dairy,Store C,4.0
2024-04-07,Milk,Dairy,Store C,4.25
2024-04-08,Milk,Dairy,Store C,4.3
2024-04-09,Milk,Dairy,Store C,3.83
2024-04-10,Milk,Dairy,Store C,4.27
2024-04-11,Milk,Dairy,Store C,4.29
2024-04-12,Milk,Dairy,Store C,4.39
2024-04-13,Milk,Dairy,Store C,4.53
2024-04-14,Milk,Dairy,Store C,4.46
2024-04-15,Milk,Dairy,Store C,4.16
2024-04-16,Milk,Dairy,Store C,4.14
2024-04-17,Milk,Dairy,Store C,4.4
2024-04-18,Milk,Dairy,Store C,4.18
2024-04-19,Milk,Dairy,Store C,4.04
2024-04-20,Milk,Dairy,Store C,4.76
2024-04-21,Milk,Dairy,Store C,4.22
2024-04-22,Milk,Dairy,Store C,4.16
2024-04-23,Milk,Dairy,Store C,3.85
2024-04-24,Milk,Dairy,Store C,4.46
2024-04-25,Milk,Dairy,Store C,4.09
2024-04-26,Milk,Dairy,Store C,4.29
2024-04-27,Milk,Dairy,Store C,4.48
2024-04-28,Milk,Dairy,Store C,4.09
2024-04-29,Milk,Dairy,Store C,4.3
2024-04-30,Milk,Dairy,Store C,4.59
2024-05-01,Milk,Dairy,Store C,3.79
2024-05-02,Milk,Dairy,Store C,4.12
2024-05-03,Milk,Dairy,Store C,4.1
2024-05-04,Milk,Dairy,Store C,4.25
2024-05-05,Milk,Dairy,Store C,4.28
2024-05-06,Milk,Dairy,Store C,4.07
2024-05-07,Milk,Dairy,Store C,4.15
2024-05-08,Milk,Dairy,Store C,4.13
2024-05-09,Milk,Dairy,Store C,4.22
2024-05-10,Milk,Dairy,Store C,4.33
2024-05-11,Milk,Dairy,Store C,4.47
2024-05-12,Milk,Dairy,Store C,4.5
2024-05-13,Milk,Dairy,Store C,4.42
2024-05-14,Milk,Dairy,Store C,4.11
2024-05-15,Milk,Dairy,Store C,4.29
2024-05-16,Milk,Dairy,Store C,4.76
2024-05-17,Milk,Dairy,Store C,4.49
2024-05-18,Milk,Dairy,Store C,4.2
2024-05-19,Milk,Dairy,Store C,4.6
2024-05-20,Milk,Dairy,Store C,4.21
2024-05-21,Milk,Dairy,Store C,4.15
2024-05-22,Milk,Dairy,Store C,4.56
2024-05-23,Milk,Dairy,Store C,4.02
2024-05-24,Milk,Dairy,Store C,3.9
2024-05-25,Milk,Dairy,Store C,4.47
2024-05-26,Milk,Dairy,Store C,4.29
2024-05-27,Milk,Dairy,Store C,4.31
2024-05-28,Milk,Dairy,Store C,4.21
2024-05-29,Milk,Dairy,Store C,4.24
2024-05-30,Milk,Dairy,Store C,4.19
2024-05-31,Milk,Dairy,Store C,4.16
2024-06-01,Milk,Dairy,Store C,4.21
2024-06-02,Milk,Dairy,Store C,4.2
2024-06-03,Milk,Dairy,Store C,4.12
2024-06-04,Milk,Dairy,Store C,4.18
2024-06-05,Milk,Dairy,Store C,3.79
2024-06-06,Milk,Dairy,Store C,4.42
2024-06-07,Milk,Dairy,Store C,4.36
2024-06-08,Milk,Dairy,Store C,4.27
2024-06-09,Milk,Dairy,Store C,4.33
2024-06-10,Milk,Dairy,Store C,4.34
2024-06-11,Milk,Dairy,Store C,4.14
2024-06-12,Milk,Dairy,Store C,4.18
2024-06-13,Milk,Dairy,Store C,4.39
2024-06-14,Milk,Dairy,Store C,4.33
2024-06-15,Milk,Dairy,Store C,4.69
2024-06-16,Milk,Dairy,Store C,4.61
2024-06-17,Milk,Dairy,Store C,4.47
2024-06-18,Milk,Dairy,Store C,4.13
2024-06-19,Milk,Dairy,Store C,4.17
2024-06-20,Milk,Dairy,Store C,4.09
2024-06-21,Milk,Dairy,Store C,4.34
2024-06-22,Milk,Dairy,Store C,3.74
2024-06-23,Milk,Dairy,Store C,4.19
2024-06-24,Milk,Dairy,Store C,4.22
2024-06-25,Milk,Dairy,Store C,3.98
2024-06-26,Milk,Dairy,Store C,4.45
2024-06-27,Milk,Dairy,Store C,4.06
2024-06-28,Milk,Dairy,Store C,4.34
2024-06-29,Milk,Dairy,Store C,4.84
2024-06-30,Milk,Dairy,Store C,3.96
2024-01-01,Eggs,Dairy,Store A,2.24
2024-01-02,Eggs,Dairy,Store A,2.34
2024-01-03,Eggs,Dairy,Store A,2.62
2024-01-04,Eggs,Dairy,Store A,2.3
2024-01-05,Eggs,Dairy,Store A,2.58
2024-01-06,Eggs,Dairy,Store A,2.19
2024-01-07,Eggs,Dairy,Store A,2.52
2024-01-08,Eggs,Dairy,Store A,2.7
2024-01-09,Eggs,Dairy,Store A,1.92
2024-01-10,Eggs,Dairy,Store A,2.26
2024-01-11,Eggs,Dairy,Store A,2.53
2024-01-12,Eggs,Dairy,Store A,2.37
2024-01-13,Eggs,Dairy,Store A,2.49
2024-01-14,Eggs,Dairy,Store A,2.29
2024-01-15,Eggs,Dairy,Store A,2.43
2024-01-16,Eggs,Dairy,Store A,2.38
2024-01-17,Eggs,Dairy,Store A,2.65
2024-01-18,Eggs,Dairy,Store A,2.47
2024-01-19,Eggs,Dairy,Store A,2.48
2024-01-20,Eggs,Dairy,Store A,2.33
2024-01-21,Eggs,Dairy,Store A,2.32
2024-01-22,Eggs,Dairy,Store A,2.33
2024-01-23,Eggs,Dairy,Store A,2.49
2024-01-24,Eggs,Dairy,Store A,2.33
2024-01-25,Eggs,Dairy,Store A,2.47
2024-01-26,Eggs,Dairy,Store A,2.83
2024-01-27,Eggs,Dairy,Store A,2.59
2024-01-28,Eggs,Dairy,Store A,2.35
2024-01-29,Eggs,Dairy,Store A,2.65
2024-01-30,Eggs,Dairy,Store A,2.33
2024-01-31,Eggs,Dairy,Store A,2.01
2024-02-01,Eggs,Dairy,Store A,2.21
2024-02-02,Eggs,Dairy,Store A,2.04
2024-02-03,Eggs,Dairy,Store A,2.34
2024-02-04,Eggs,Dairy,Store A,2.42
2024-02-05,Eggs,Dairy,Store A,2.75
2024-02-06,Eggs,Dairy,Store A,2.48
2024-02-07,Eggs,Dairy,Store A,2.37
2024-02-08,Eggs,Dairy,Store A,2.58
2024-02-09,Eggs,Dairy,Store A,1.97
2024-02-10,Eggs,Dairy,Store A,2.46
2024-02-11,Eggs,Dairy,Store A,2.57
2024-02-12,Eggs,Dairy,Store A,2.12
2024-02-13,Eggs,Dairy,Store A,2.64
2024-02-14,Eggs,Dairy,Store A,2.48
2024-02-15,Eggs,Dairy,Store A,2.33
2024-02-16,Eggs,Dairy,Store A,2.54
2024-02-17,Eggs,Dairy,Store A,2.87
2024-02-18,Eggs,Dairy,Store A,2.45
2024-02-19,Eggs,Dairy,Store A,2.46
2024-02-20,Eggs,Dairy,Store A,2.32
2024-02-21,Eggs,Dairy,Store A,2.24
2024-02-22,Eggs,Dairy,Store A,2.58
2024-02-23,Eggs,Dairy,Store A,2.24
2024-02-24,Eggs,Dairy,Store A,2.43
2024-02-25,Eggs,Dairy,Store A,2.32
2024-02-26,Eggs,Dairy,Store A,2.51
2024-02-27,Eggs,Dairy,Store A,2.48
2024-02-28,Eggs,Dairy,Store A,2.62
2024-02-29,Eggs,Dairy,Store A,2.31
2024-03-01,Eggs,Dairy,Store A,2.36
2024-03-02,Eggs,Dairy,Store A,2.22
2024-03-03,Eggs,Dairy,Store A,2.33
2024-03-04,Eggs,Dairy,Store A,2.49
2024-03-05,Eggs,Dairy,Store A,2.57
2024-03-06,Eggs,Dairy,Store A,2.23
2024-03-07,Eggs,Dairy,Store A,2.59
2024-03-08,Eggs,Dairy,Store A,2.69
2024-03-09,Eggs,Dairy,Store A,2.5
2024-03-10,Eggs,Dairy,Store A,2.79
2024-03-11,Eggs,Dairy,Store A,2.26
2024-03-12,Eggs,Dairy,Store A,2.17
2024-03-13,Eggs,Dairy,Store A,2.06
2024-03-14,Eggs,Dairy,Store A,2.71
2024-03-15,Eggs,Dairy,Store A,2.55
2024-03-16,Eggs,Dairy,Store A,2.4
2024-03-17,Eggs,Dairy,Store A,2.47
2024-03-18,Eggs,Dairy,Store A,2.19
2024-03-19,Eggs,Dairy,Store A,2.9
2024-03-20,Eggs,Dairy,Store A,2.44
2024-03-21,Eggs,Dairy,Store A,2.44
2024-03-22,Eggs,Dairy,Store A,2.56
2024-03-23,Eggs,Dairy,Store A,2.51
2024-03-24,Eggs,Dairy,Store A,2.46
2024-03-25,Eggs,Dairy,Store A,2.26
2024-03-26,Eggs,Dairy,Store A,2.51
2024-03-27,Eggs,Dairy,Store A,2.79
2024-03-28,Eggs,Dairy,Store A,2.68
2024-03-29,Eggs,Dairy,Store A,2.73
2024-03-30,Eggs,Dairy,Store A,2.31
2024-03-31,Eggs,Dairy,Store A,2.22
2024-04-01,Eggs,Dairy,Store A,2.39
2024-04-02,Eggs,Dairy,Store A,2.43
2024-04-03,Eggs,Dairy,Store A,2.63
2024-04-04,Eggs,Dairy,Store A,2.08
2024-04-05,Eggs,Dairy,Store A,2.72
2024-04-06,Eggs,Dairy,Store A,2.38
2024-04-07,Eggs,Dairy,Store A,2.33
2024-04-08,Eggs,Dairy,Store A,2.21
2024-04-09,Eggs,Dairy,Store A,2.08
2024-04-10,Eggs,Dairy,Store A,2.58
2024-04-11,Eggs,Dairy,Store A,2.43
2024-04-12,Eggs,Dairy,Store A,2.16
2024-04-13,Eggs,Dairy,Store A,2.16
2024-04-14,Eggs,Dairy,Store A,2.35
2024-04-15,Eggs,Dairy,Store A,2.75
2024-04-16,Eggs,Dairy,Store A,2.36
2024-04-17,Eggs,Dairy,Store A,2.11
2024-04-18,Eggs,Dairy,Store A,2.37
2024-04-19,Eggs,Dairy,Store A,2.36
2024-04-20,Eggs,Dairy,Store A,1.88
2024-04-21,Eggs,Dairy,Store A,2.4
2024-04-22,Eggs,Dairy,Store A,2.37
2024-04-23,Eggs,Dairy,Store A,2.55
2024-04-24,Eggs,Dairy,Store A,2.78
2024-04-25,Eggs,Dairy,Store A,2.64
2024-04-26,Eggs,Dairy,Store A,2.36
2024-04-27,Eggs,Dairy,Store A,2.19
2024-04-28,Eggs,Dairy,Store A,2.93
2024-04-29,Eggs,Dairy,Store A,2.43
2024-04-30,Eggs,Dairy,Store A,2.42
2024-05-01,Eggs,Dairy,Store A,2.41
2024-05-02,Eggs,Dairy,Store A,2.45
2024-05-03,Eggs,Dairy,Store A,2.39
2024-05-04,Eggs,Dairy,Store A,2.3
2024-05-05,Eggs,Dairy,Store A,2.31
2024-05-06,Eggs,Dairy,Store A,2.41
2024-05-07,Eggs,Dairy,Store A,2.31
2024-05-08,Eggs,Dairy,Store A,2.27
2024-05-09,Eggs,Dairy,Store A,2.44
2024-05-10,Eggs,Dairy,Store A,2.36
2024-05-11,Eggs,Dairy,Store A,2.72
2024-05-12,Eggs,Dairy,Store A,1.88
2024-05-13,Eggs,Dairy,Store A,2.63
2024-05-14,Eggs,Dairy,Store A,2.66
2024-05-15,Eggs,Dairy,Store A,2.0
2024-05-16,Eggs,Dairy,Store A,2.35
2024-05-17,Eggs,Dairy,Store A,2.34
2024-05-18,Eggs,Dairy,Store A,2.13
2024-05-19,Eggs,Dairy,Store A,2.26
2024-05-20,Eggs,Dairy,Store A,2.19
2024-05-21,Eggs,Dairy,Store A,2.77
2024-05-22,Eggs,Dairy,Store A,2.6
2024-05-23,Eggs,Dairy,Store A,2.67
2024-05-24,Eggs,Dairy,Store A,2.56
2024-05-25,Eggs,Dairy,Store A,2.19
2024-05-26,Eggs,Dairy,Store A,2.31
2024-05-27,Eggs,Dairy,Store A,2.51
2024-05-28,Eggs,Dairy,Store A,2.17
2024-05-29,Eggs,Dairy,Store A,2.56
2024-05-30,Eggs,Dairy,Store A,2.37
2024-05-31,Eggs,Dairy,Store A,2.34
2024-06-01,Eggs,Dairy,Store A,2.56
2024-06-02,Eggs,Dairy,Store A,2.5
2024-06-03,Eggs,Dairy,Store A,2.34
2024-06-04,Eggs,Dairy,Store A,2.65
2024-06-05,Eggs,Dairy,Store A,2.2
2024-06-06,Eggs,Dairy,Store A,2.54
2024-06-07,Eggs,Dairy,Store A,2.53
2024-06-08,Eggs,Dairy,Store A,2.35
2024-06-09,Eggs,Dairy,Store A,2.48
2024-06-10,Eggs,Dairy,Store A,2.16
2024-06-11,Eggs,Dairy,Store A,2.6
2024-06-12,Eggs,Dairy,Store A,2.38
2024-06-13,Eggs,Dairy,Store A,2.31
2024-06-14,Eggs,Dairy,Store A,2.62
2024-06-15,Eggs,Dairy,Store A,2.27
2024-06-16,Eggs,Dairy,Store A,2.13
2024-06-17,Eggs,Dairy,Store A,2.1
2024-06-18,Eggs,Dairy,Store A,2.54
2024-06-19,Eggs,Dairy,Store A,2.16
2024-06-20,Eggs,Dairy,Store A,2.77
2024-06-21,Eggs,Dairy,Store A,2.0
2024-06-22,Eggs,Dairy,Store A,2.75
2024-06-23,Eggs,Dairy,Store A,2.46
2024-06-24,Eggs,Dairy,Store A,2.4
2024-06-25,Eggs,Dairy,Store A,2.31
2024-06-26,Eggs,Dairy,Store A,2.49
2024-06-27,Eggs,Dairy,Store A,2.41
2024-06-28,Eggs,Dairy,Store A,2.64
2024-06-29,Eggs,Dairy,Store A,2.44
2024-06-30,Eggs,Dairy,Store A,2.44
2024-01-01,Eggs,Dairy,Store B,5.83
2024-01-02,Eggs,Dairy,Store B,5.54
2024-01-03,Eggs,Dairy,Store B,5.28
2024-01-04,Eggs,Dairy,Store B,5.32
2024-01-05,Eggs,Dairy,Store B,5.14
2024-01-06,Eggs,Dairy,Store B,5.42
2024-01-07,Eggs,Dairy,Store B,5.08
2024-01-08,Eggs,Dairy,Store B,5.51
2024-01-09,Eggs,Dairy,Store B,5.8
2024-01-10,Eggs,Dairy,Store B,5.55
2024-01-11,Eggs,Dairy,Store B,5.31
2024-01-12,Eggs,Dairy,Store B,5.51
2024-01-13,Eggs,Dairy,Store B,5.73
2024-01-14,Eggs,Dairy,Store B,5.72
2024-01-15,Eggs,Dairy,Store B,5.2
2024-01-16,Eggs,Dairy,Store B,5.5
2024-01-17,Eggs,Dairy,Store B,5.37
2024-01-18,Eggs,Dairy,Store B,5.56
2024-01-19,Eggs,Dairy,Store B,5.48
2024-01-20,Eggs,Dairy,Store B,4.93
2024-01-21,Eggs,Dairy,Store B,5.33
2024-01-22,Eggs,Dairy,Store B,5.44
2024-01-23,Eggs,Dairy,Store B,5.11
2024-01-24,Eggs,Dairy,Store B,5.52
2024-01-25,Eggs,Dairy,Store B,5.1
2024-01-26,Eggs,Dairy,Store B,5.24
2024-01-27,Eggs,Dairy,Store B,5.67
2024-01-28,Eggs,Dairy,Store B,5.22
2024-01-29,Eggs,Dairy,Store B,5.52
2024-01-30,Eggs,Dairy,Store B,5.05
2024-01-31,Eggs,Dairy,Store B,5.82
2024-02-01,Eggs,Dairy,Store B,5.34
2024-02-02,Eggs,Dairy,Store B,5.42
2024-02-03,Eggs,Dairy,Store B,5.44
2024-02-04,Eggs,Dairy,Store B,5.52
2024-02-05,Eggs,Dairy,Store B,5.1
2024-02-06,Eggs,Dairy,Store B,5.4
2024-02-07,Eggs,Dairy,Store B,5.27
2024-02-08,Eggs,Dairy,Store B,5.06
2024-02-09,Eggs,Dairy,Store B,5.6
2024-02-10,Eggs,Dairy,Store B,5.33
2024-02-11,Eggs,Dairy,Store B,5.45
2024-02-12,Eggs,Dairy,Store B,5.44
2024-02-13,Eggs,Dairy,Store B,5.33
2024-02-14,Eggs,Dairy,Store B,5.8
2024-02-15,Eggs,Dairy,Store B,5.39
2024-02-16,Eggs,Dairy,Store B,5.09
2024-02-17,Eggs,Dairy,Store B,5.32
2024-02-18,Eggs,Dairy,Store B,5.5
2024-02-19,Eggs,Dairy,Store B,5.51
2024-02-20,Eggs,Dairy,Store B,5.18
2024-02-21,Eggs,Dairy,Store B,5.59
2024-02-22,Eggs,Dairy,Store B,5.05
2024-02-23,Eggs,Dairy,Store B,5.63
2024-02-24,Eggs,Dairy,Store B,5.14
2024-02-25,Eggs,Dairy,Store B,5.36
2024-02-26,Eggs,Dairy,Store B,5.61
2024-02-27,Eggs,Dairy,Store B,5.43
2024-02-28,Eggs,Dairy,Store B,5.57
2024-02-29,Eggs,Dairy,Store B,5.53
2024-03-01,Eggs,Dairy,Store B,5.66
2024-03-02,Eggs,Dairy,Store B,5.61
2024-03-03,Eggs,Dairy,Store B,5.31
2024-03-04,Eggs,Dairy,Store B,5.53
2024-03-05,Eggs,Dairy,Store B,5.1
2024-03-06,Eggs,Dairy,Store B,5.39
2024-03-07,Eggs,Dairy,Store B,5.57
2024-03-08,Eggs,Dairy,Store B,5.43
2024-03-09,Eggs,Dairy,Store B,5.49
2024-03-10,Eggs,Dairy,Store B,5.36
2024-03-11,Eggs,Dairy,Store B,5.63
2024-03-12,Eggs,Dairy,Store B,5.39
2024-03-13,Eggs,Dairy,Store B,5.31
2024-03-14,Eggs,Dairy,Store B,5.58
2024-03-15,Eggs,Dairy,Store B,5.12
2024-03-16,Eggs,Dairy,Store B,5.5
2024-03-17,Eggs,Dairy,Store B,5.19
2024-03-18,Eggs,Dairy,Store B,5.66
2024-03-19,Eggs,Dairy,Store B,5.35
2024-03-20,Eggs,Dairy,Store B,5.43
2024-03-21,Eggs,Dairy,Store B,5.48
2024-03-22,Eggs,Dairy,Store B,5.02
2024-03-23,Eggs,Dairy,Store B,5.27
2024-03-24,Eggs,Dairy,Store B,5.61
2024-03-25,Eggs,Dairy,Store B,5.58
2024-03-26,Eggs,Dairy,Store B,5.46
2024-03-27,Eggs,Dairy,Store B,5.13
2024-03-28,Eggs,Dairy,Store B,5.52
2024-03-29,Eggs,Dairy,Store B,5.54
2024-03-30,Eggs,Dairy,Store B,5.41
2024-03-31,Eggs,Dairy,Store B,5.65
2024-04-01,Eggs,Dairy,Store B,5.27
2024-04-02,Eggs,Dairy,Store B,5.3
2024-04-03,Eggs,Dairy,Store B,4.9
2024-04-04,Eggs,Dairy,Store B,5.59
2024-04-05,Eggs,Dairy,Store B,5.46
2024-04-06,Eggs,Dairy,Store B,5.07
2024-04-07,Eggs,Dairy,Store B,5.05
2024-04-08,Eggs,Dairy,Store B,5.23
2024-04-09,Eggs,Dairy,Store B,5.56
2024-04-10,Eggs,Dairy,Store B,5.34
2024-04-11,Eggs,Dairy,Store B,5.24
2024-04-12,Eggs,Dairy,Store B,5.2
2024-04-13,Eggs,Dairy,Store B,5.19
2024-04-14,Eggs,Dairy,Store B,5.01
2024-04-15,Eggs,Dairy,Store B,5.16
2024-04-16,Eggs,Dairy,Store B,5.19
2024-04-17,Eggs,Dairy,Store B,5.54
2024-04-18,Eggs,Dairy,Store B,5.37
2024-04-19,Eggs,Dairy,Store B,5.24
2024-04-20,Eggs,Dairy,Store B,5.86
2024-04-21,Eggs,Dairy,Store B,5.27
2024-04-22,Eggs,Dairy,Store B,5.64
2024-04-23,Eggs,Dairy,Store B,5.73
2024-04-24,Eggs,Dairy,Store B,5.09
2024-04-25,Eggs,Dairy,Store B,5.42
2024-04-26,Eggs,Dairy,Store B,5.3
2024-04-27,Eggs,Dairy,Store B,5.28
2024-04-28,Eggs,Dairy,Store B,5.51
2024-04-29,Eggs,Dairy,Store B,5.28
2024-04-30,Eggs,Dairy,Store B,5.3
2024-05-01,Eggs,Dairy,Store B,5.37
2024-05-02,Eggs,Dairy,Store B,5.33
2024-05-03,Eggs,Dairy,Store B,5.17
2024-05-04,Eggs,Dairy,Store B,5.56
2024-05-05,Eggs,Dairy,Store B,5.61
2024-05-06,Eggs,Dairy,Store B,5.47
2024-05-07,Eggs,Dairy,Store B,5.33
2024-05-08,Eggs,Dairy,Store B,5.26
2024-05-09,Eggs,Dairy,Store B,5.26
2024-05-10,Eggs,Dairy,Store B,5.87
2024-05-11,Eggs,Dairy,Store B,5.59
2024-05-12,Eggs,Dairy,Store B,5.23
2024-05-13,Eggs,Dairy,Store B,5.43
2024-05-14,Eggs,Dairy,Store B,5.33
2024-05-15,Eggs,Dairy,Store B,5.52
2024-05-16,Eggs,Dairy,Store B,5.51
2024-05-17,Eggs,Dairy,Store B,5.62
2024-05-18,Eggs,Dairy,Store B,5.23
2024-05-19,Eggs,Dairy,Store B,5.42
2024-05-20,Eggs,Dairy,Store B,5.05
2024-05-21,Eggs,Dairy,Store B,5.15
2024-05-22,Eggs,Dairy,Store B,5.58
2024-05-23,Eggs,Dairy,Store B,5.21
2024-05-24,Eggs,Dairy,Store B,5.23
2024-05-25,Eggs,Dairy,Store B,5.4
2024-05-26,Eggs,Dairy,Store B,5.54
2024-05-27,Eggs,Dairy,Store B,5.19
2024-05-28,Eggs,Dairy,Store B,4.71
2024-05-29,Eggs,Dairy,Store B,5.23
2024-05-30,Eggs,Dairy,Store B,5.64
2024-05-31,Eggs,Dairy,Store B,5.47
2024-06-01,Eggs,Dairy,Store B,5.67
2024-06-02,Eggs,Dairy,Store B,5.18
2024-06-03,Eggs,Dairy,Store B,5.07
2024-06-04,Eggs,Dairy,Store B,5.49
2024-06-05,Eggs,Dairy,Store B,5.45
2024-06-06,Eggs,Dairy,Store B,5.46
2024-06-07,Eggs,Dairy,Store B,5.59
2024-06-08,Eggs,Dairy,Store B,5.49
2024-06-09,Eggs,Dairy,Store B,5.48
2024-06-10,Eggs,Dairy,Store B,5.54
2024-06-11,Eggs,Dairy,Store B,5.5
2024-06-12,Eggs,Dairy,Store B,5.57
2024-06-13,Eggs,Dairy,Store B,5.6
2024-06-14,Eggs,Dairy,Store B,5.71
2024-06-15,Eggs,Dairy,Store B,5.27
2024-06-16,Eggs,Dairy,Store B,5.5
2024-06-17,Eggs,Dairy,Store B,5.33
2024-06-18,Eggs,Dairy,Store B,5.23
2024-06-19,Eggs,Dairy,Store B,5.26
2024-06-20,Eggs,Dairy,Store B,5.5
2024-06-21,Eggs,Dairy,Store B,5.49
2024-06-22,Eggs,Dairy,Store B,5.48
2024-06-23,Eggs,Dairy,Store B,5.36
2024-06-24,Eggs,Dairy,Store B,5.4
2024-06-25,Eggs,Dairy,Store B,5.57
2024-06-26,Eggs,Dairy,Store B,5.1
2024-06-27,Eggs,Dairy,Store B,5.41
2024-06-28,Eggs,Dairy,Store B,5.42
2024-06-29,Eggs,Dairy,Store B,5.55
2024-06-30,Eggs,Dairy,Store B,5.13
2024-01-01,Eggs,Dairy,Store C,6.26
2024-01-02,Eggs,Dairy,Store C,6.36
2024-01-03,Eggs,Dairy,Store C,6.37
2024-01-04,Eggs,Dairy,Store C,6.64
2024-01-05,Eggs,Dairy,Store C,6.3
2024-01-06,Eggs,Dairy,Store C,6.38
2024-01-07,Eggs,Dairy,Store C,6.44
2024-01-08,Eggs,Dairy,Store C,6.36
2024-01-09,Eggs,Dairy,Store C,6.23
2024-01-10,Eggs,Dairy,Store C,6.36
2024-01-11,Eggs,Dairy,Store C,6.53
2024-01-12,Eggs,Dairy,Store C,6.11
2024-01-13,Eggs,Dairy,Store C,6.35
2024-01-14,Eggs,Dairy,Store C,6.18
2024-01-15,Eggs,Dairy,Store C,6.56
2024-01-16,Eggs,Dairy,Store C,6.02
2024-01-17,Eggs,Dairy,Store C,6.21
2024-01-18,Eggs,Dairy,Store C,6.4
2024-01-19,Eggs,Dairy,Store C,6.63
2024-01-20,Eggs,Dairy,Store C,6.31
2024-01-21,Eggs,Dairy,Store C,6.21
2024-01-22,Eggs,Dairy,Store C,6.7
2024-01-23,Eggs,Dairy,Store C,6.03
2024-01-24,Eggs,Dairy,Store C,5.88
2024-01-25,Eggs,Dairy,Store C,6.41
2024-01-26,Eggs,Dairy,Store C,6.22
2024-01-27,Eggs,Dairy,Store C,6.12
2024-01-28,Eggs,Dairy,Store C,6.46
2024-01-29,Eggs,Dairy,Store C,6.37
2024-01-30,Eggs,Dairy,Store C,6.21
2024-01-31,Eggs,Dairy,Store C,6.06
2024-02-01,Eggs,Dairy,Store C,6.49
2024-02-02,Eggs,Dairy,Store C,6.45
2024-02-03,Eggs,Dairy,Store C,6.3
2024-02-04,Eggs,Dairy,Store C,6.69
2024-02-05,Eggs,Dairy,Store C,6.11
2024-02-06,Eggs,Dairy,Store C,6.01
2024-02-07,Eggs,Dairy,Store C,6.18
2024-02-08,Eggs,Dairy,Store C,6.31
2024-02-09,Eggs,Dairy,Store C,6.37
2024-02-10,Eggs,Dairy,Store C,6.27
2024-02-11,Eggs,Dairy,Store C,6.39
2024-02-12,Eggs,Dairy,Store C,6.07
2024-02-13,Eggs,Dairy,Store C,6.61
2024-02-14,Eggs,Dairy,Store C,6.3
2024-02-15,Eggs,Dairy,Store C,6.54
2024-02-16,Eggs,Dairy,Store C,6.39
2024-02-17,Eggs,Dairy,Store C,6.41
2024-02-18,Eggs,Dairy,Store C,6.43
2024-02-19,Eggs,Dairy,Store C,6.41
2024-02-20,Eggs,Dairy,Store C,6.45
2024-02-21,Eggs,Dairy,Store C,6.59
2024-02-22,Eggs,Dairy,Store C,6.36
2024-02-23,Eggs,Dairy,Store C,6.46
2024-02-24,Eggs,Dairy,Store C,6.3
2024-02-25,Eggs,Dairy,Store C,6.61
2024-02-26,Eggs,Dairy,Store C,6.18
2024-02-27,Eggs,Dairy,Store C,6.68
2024-02-28,Eggs,Dairy,Store C,6.31
2024-02-29,Eggs,Dairy,Store C,6.03
2024-03-01,Eggs,Dairy,Store C,6.35
2024-03-02,Eggs,Dairy,Store C,6.18
2024-03-03,Eggs,Dairy,Store C,6.49
2024-03-04,Eggs,Dairy,Store C,6.19
2024-03-05,Eggs,Dairy,Store C,6.23
2024-03-06,Eggs,Dairy,Store C,5.94
2024-03-07,Eggs,Dairy,Store C,6.23
2024-03-08,Eggs,Dairy,Store C,5.84
2024-03-09,Eggs,Dairy,Store C,6.0
2024-03-10,Eggs,Dairy,Store C,6.47
2024-03-11,Eggs,Dairy,Store C,6.48
2024-03-12,Eggs,Dairy,Store C,6.4
2024-03-13,Eggs,Dairy,Store C,6.13
2024-03-14,Eggs,Dairy,Store C,6.31
2024-03-15,Eggs,Dairy,Store C,6.32
2024-03-16,Eggs,Dairy,Store C,6.09
2024-03-17,Eggs,Dairy,Store C,6.62
2024-03-18,Eggs,Dairy,Store C,6.5
2024-03-19,Eggs,Dairy,Store C,6.28
2024-03-20,Eggs,Dairy,Store C,6.33
2024-03-21,Eggs,Dairy,Store C,6.36
2024-03-22,Eggs,Dairy,Store C,5.91
2024-03-23,Eggs,Dairy,Store C,6.27
2024-03-24,Eggs,Dairy,Store C,6.18
2024-03-25,Eggs,Dairy,Store C,6.12
2024-03-26,Eggs,Dairy,Store C,6.26
2024-03-27,Eggs,Dairy,Store C,6.68
2024-03-28,Eggs,Dairy,Store C,6.45
2024-03-29,Eggs,Dairy,Store C,6.21
2024-03-30,Eggs,Dairy,Store C,6.43
2024-03-31,Eggs,Dairy,Store C,6.6
2024-04-01,Eggs,Dairy,Store C,6.5
2024-04-02,Eggs,Dairy,Store C,6.33
2024-04-03,Eggs,Dairy,Store C,6.19
2024-04-04,Eggs,Dairy,Store C,6.46
2024-04-05,Eggs,Dairy,Store C,6.4
2024-04-06,Eggs,Dairy,Store C,6.5
2024-04-07,Eggs,Dairy,Store C,6.45
2024-04-08,Eggs,Dairy,Store C,6.53
2024-04-09,Eggs,Dairy,Store C,6.21
2024-04-10,Eggs,Dairy,Store C,6.58
2024-04-11,Eggs,Dairy,Store C,6.36
2024-04-12,Eggs,Dairy,Store C,6.73
2024-04-13,Eggs,Dairy,Store C,6.18
2024-04-14,Eggs,Dairy,Store C,6.67
2024-04-15,Eggs,Dairy,Store C,6.36
2024-04-16,Eggs,Dairy,Store C,6.19
2024-04-17,Eggs,Dairy,Store C,6.22
2024-04-18,Eggs,Dairy,Store C,6.26
2024-04-19,Eggs,Dairy,Store C,6.4
2024-04-20,Eggs,Dairy,Store C,6.42
2024-04-21,Eggs,Dairy,Store C,6.21
2024-04-22,Eggs,Dairy,Store C,6.32
2024-04-23,Eggs,Dairy,Store C,6.75
2024-04-24,Eggs,Dairy,Store C,6.67
2024-04-25,Eggs,Dairy,Store C,6.41
2024-04-26,Eggs,Dairy,Store C,6.33
2024-04-27,Eggs,Dairy,Store C,6.34
2024-04-28,Eggs,Dairy,Store C,6.44
2024-04-29,Eggs,Dairy,Store C,6.12
2024-04-30,Eggs,Dairy,Store C,6.27
2024-05-01,Eggs,Dairy,Store C,5.99
2024-05-02,Eggs,Dairy,Store C,6.4
2024-05-03,Eggs,Dairy,Store C,6.45
2024-05-04,Eggs,Dairy,Store C,6.22
2024-05-05,Eggs,Dairy,Store C,6.63
2024-05-06,Eggs,Dairy,Store C,6.07
2024-05-07,Eggs,Dairy,Store C,6.03
2024-05-08,Eggs,Dairy,Store C,6.36
2024-05-09,Eggs,Dairy,Store C,6.53
2024-05-10,Eggs,Dairy,Store C,6.66
2024-05-11,Eggs,Dairy,Store C,6.23
2024-05-12,Eggs,Dairy,Store C,6.54
2024-05-13,Eggs,Dairy,Store C,6.31
2024-05-14,Eggs,Dairy,Store C,6.29
2024-05-15,Eggs,Dairy,Store C,6.5
2024-05-16,Eggs,Dairy,Store C,6.45
2024-05-17,Eggs,Dairy,Store C,6.0
2024-05-18,Eggs,Dairy,Store C,6.62
2024-05-19,Eggs,Dairy,Store C,6.6
2024-05-20,Eggs,Dairy,Store C,6.19
2024-05-21,Eggs,Dairy,Store C,6.4
2024-05-22,Eggs,Dairy,Store C,6.42
2024-05-23,Eggs,Dairy,Store C,6.37
2024-05-24,Eggs,Dairy,Store C,6.21
2024-05-25,Eggs,Dairy,Store C,6.19
2024-05-26,Eggs,Dairy,Store C,6.31
2024-05-27,Eggs,Dairy,Store C,6.55
2024-05-28,Eggs,Dairy,Store C,6.43
2024-05-29,Eggs,Dairy,Store C,6.25
2024-05-30,Eggs,Dairy,Store C,6.47
2024-05-31,Eggs,Dairy,Store C,5.75
2024-06-01,Eggs,Dairy,Store C,6.55
2024-06-02,Eggs,Dairy,Store C,5.97
2024-06-03,Eggs,Dairy,Store C,6.25
2024-06-04,Eggs,Dairy,Store C,6.1
2024-06-05,Eggs,Dairy,Store C,6.06
2024-06-06,Eggs,Dairy,Store C,6.55
2024-06-07,Eggs,Dairy,Store C,6.23
2024-06-08,Eggs,Dairy,Store C,6.39
2024-06-09,Eggs,Dairy,Store C,6.31
2024-06-10,Eggs,Dairy,Store C,6.42
2024-06-11,Eggs,Dairy,Store C,6.34
2024-06-12,Eggs,Dairy,Store C,6.06
2024-06-13,Eggs,Dairy,Store C,6.52
2024-06-14,Eggs,Dairy,Store C,6.22
2024-06-15,Eggs,Dairy,Store C,6.01
2024-06-16,Eggs,Dairy,Store C,6.23
2024-06-17,Eggs,Dairy,Store C,6.62
2024-06-18,Eggs,Dairy,Store C,6.49
2024-06-19,Eggs,Dairy,Store C,6.25
2024-06-20,Eggs,Dairy,Store C,6.25
2024-06-21,Eggs,Dairy,Store C,6.26
2024-06-22,Eggs,Dairy,Store C,6.74
2024-06-23,Eggs,Dairy,Store C,6.4
2024-06-24,Eggs,Dairy,Store C,6.41
2024-06-25,Eggs,Dairy,Store C,6.53
2024-06-26,Eggs,Dairy,Store C,6.37
2024-06-27,Eggs,Dairy,Store C,6.27
2024-06-28,Eggs,Dairy,Store C,6.28
2024-06-29,Eggs,Dairy,Store C,6.31
2024-06-30,Eggs,Dairy,Store C,6.31
2024-01-01,Bread,Bakery,Store A,6.22
2024-01-02,Bread,Bakery,Store A,6.04
2024-01-03,Bread,Bakery,Store A,6.21
2024-01-04,Bread,Bakery,Store A,6.34
2024-01-05,Bread,Bakery,Store A,6.13
2024-01-06,Bread,Bakery,Store A,6.25
2024-01-07,Bread,Bakery,Store A,6.28
2024-01-08,Bread,Bakery,Store A,6.34
2024-01-09,Bread,Bakery,Store A,6.22
2024-01-10,Bread,Bakery,Store A,6.47
2024-01-11,Bread,Bakery,Store A,5.83
2024-01-12,Bread,Bakery,Store A,6.84
2024-01-13,Bread,Bakery,Store A,6.08
2024-01-14,Bread,Bakery,Store A,6.33
2024-01-15,Bread,Bakery,Store A,6.06
2024-01-16,Bread,Bakery,Store A,6.38
2024-01-17,Bread,Bakery,Store A,6.3
2024-01-18,Bread,Bakery,Store A,6.12
2024-01-19,Bread,Bakery,Store A,6.46
2024-01-20,Bread,Bakery,Store A,6.22
2024-01-21,Bread,Bakery,Store A,6.36
2024-01-22,Bread,Bakery,Store A,6.07
2024-01-23,Bread,Bakery,Store A,6.24
2024-01-24,Bread,Bakery,Store A,6.65
2024-01-25,Bread,Bakery,Store A,6.44
2024-01-26,Bread,Bakery,Store A,6.31
2024-01-27,Bread,Bakery,Store A,6.16
2024-01-28,Bread,Bakery,Store A,6.26
2024-01-29,Bread,Bakery,Store A,6.29
2024-01-30,Bread,Bakery,Store A,6.34
2024-01-31,Bread,Bakery,Store A,6.03
2024-02-01,Bread,Bakery,Store A,6.38
2024-02-02,Bread,Bakery,Store A,6.03
2024-02-03,Bread,Bakery,Store A,6.58
2024-02-04,Bread,Bakery,Store A,6.1
2024-02-05,Bread,Bakery,Store A,6.31
2024-02-06,Bread,Bakery,Store A,6.45
2024-02-07,Bread,Bakery,Store A,6.2
2024-02-08,Bread,Bakery,Store A,6.32
2024-02-09,Bread,Bakery,Store A,6.54
2024-02-10,Bread,Bakery,Store A,6.36
2024-02-11,Bread,Bakery,Store A,6.32
2024-02-12,Bread,Bakery,Store A,5.91
2024-02-13,Bread,Bakery,Store A,6.06
2024-02-14,Bread,Bakery,Store A,6.46
2024-02-15,Bread,Bakery,Store A,6.36
2024-02-16,Bread,Bakery,Store A,6.39
2024-02-17,Bread,Bakery,Store A,6.38
2024-02-18,Bread,Bakery,Store A,6.51
2024-02-19,Bread,Bakery,Store A,6.2
2024-02-20,Bread,Bakery,Store A,6.27
2024-02-21,Bread,Bakery,Store A,6.04
2024-02-22,Bread,Bakery,Store A,5.99
2024-02-23,Bread,Bakery,Store A,5.92
2024-02-24,Bread,Bakery,Store A,6.07
2024-02-25,Bread,Bakery,Store A,6.56
2024-02-26,Bread,Bakery,Store A,5.94
2024-02-27,Bread,Bakery,Store A,6.19
2024-02-28,Bread,Bakery,Store A,5.99
2024-02-29,Bread,Bakery,Store A,6.13
2024-03-01,Bread,Bakery,Store A,6.28
2024-03-02,Bread,Bakery,Store A,6.11
2024-03-03,Bread,Bakery,Store A,6.47
2024-03-04,Bread,Bakery,Store A,6.56
2024-03-05,Bread,Bakery,Store A,5.8
2024-03-06,Bread,Bakery,Store A,6.11
2024-03-07,Bread,Bakery,Store A,6.26
2024-03-08,Bread,Bakery,Store A,6.47
2024-03-09,Bread,Bakery,Store A,6.16
2024-03-10,Bread,Bakery,Store A,6.25
2024-03-11,Bread,Bakery,Store A,6.02
2024-03-12,Bread,Bakery,Store A,5.94
2024-03-13,Bread,Bakery,Store A,6.54
2024-03-14,Bread,Bakery,Store A,5.88
2024-03-15,Bread,Bakery,Store A,6.72
2024-03-16,Bread,Bakery,Store A,6.39
2024-03-17,Bread,Bakery,Store A,6.39
2024-03-18,Bread,Bakery,Store A,6.36
2024-03-19,Bread,Bakery,Store A,6.2
2024-03-20,Bread,Bakery,Store A,6.33
2024-03-21,Bread,Bakery,Store A,6.21
2024-03-22,Bread,Bakery,Store A,6.36
2024-03-23,Bread,Bakery,Store A,6.24
2024-03-24,Bread,Bakery,Store A,6.06
2024-03-25,Bread,Bakery,Store A,6.08
2024-03-26,Bread,Bakery,Store A,6.05
2024-03-27,Bread,Bakery,Store A,6.44
2024-03-28,Bread,Bakery,Store A,6.13
2024-03-29,Bread,Bakery,Store A,5.87
2024-03-30,Bread,Bakery,Store A,6.33
2024-03-31,Bread,Bakery,Store A,6.55
2024-04-01,Bread,Bakery,Store A,6.4
2024-04-02,Bread,Bakery,Store A,6.13
2024-04-03,Bread,Bakery,Store A,5.93
2024-04-04,Bread,Bakery,Store A,6.22
2024-04-05,Bread,Bakery,Store A,6.22
2024-04-06,Bread,Bakery,Store A,6.06
2024-04-07,Bread,Bakery,Store A,6.36
2024-04-08,Bread,Bakery,Store A,6.62
2024-04-09,Bread,Bakery,Store A,6.29
2024-04-10,Bread,Bakery,Store A,6.28
2024-04-11,Bread,Bakery,Store A,6.06
2024-04-12,Bread,Bakery,Store A,6.53
2024-04-13,Bread,Bakery,Store A,6.23
2024-04-14,Bread,Bakery,Store A,6.13
2024-04-15,Bread,Bakery,Store A,6.26
2024-04-16,Bread,Bakery,Store A,6.34
2024-04-17,Bread,Bakery,Store A,6.28
2024-04-18,Bread,Bakery,Store A,6.49
2024-04-19,Bread,Bakery,Store A,6.33
2024-04-20,Bread,Bakery,Store A,6.19
2024-04-21,Bread,Bakery,Store A,6.33
2024-04-22,Bread,Bakery,Store A,6.35
2024-04-23,Bread,Bakery,Store A,5.99
2024-04-24,Bread,Bakery,Store A,6.48
2024-04-25,Bread,Bakery,Store A,6.19
2024-04-26,Bread,Bakery,Store A,6.19
2024-04-27,Bread,Bakery,Store A,6.4
2024-04-28,Bread,Bakery,Store A,6.4
2024-04-29,Bread,Bakery,Store A,6.11
2024-04-30,Bread,Bakery,Store A,6.41
2024-05-01,Bread,Bakery,Store A,6.14
2024-05-02,Bread,Bakery,Store A,6.61
2024-05-03,Bread,Bakery,Store A,6.08
2024-05-04,Bread,Bakery,Store A,6.3
2024-05-05,Bread,Bakery,Store A,6.09
2024-05-06,Bread,Bakery,Store A,6.69
2024-05-07,Bread,Bakery,Store A,6.0
2024-05-08,Bread,Bakery,Store A,6.35
2024-05-09,Bread,Bakery,Store A,6.1
2024-05-10,Bread,Bakery,Store A,6.18
2024-05-11,Bread,Bakery,Store A,6.34
2024-05-12,Bread,Bakery,Store A,6.49
2024-05-13,Bread,Bakery,Store A,6.57
2024-05-14,Bread,Bakery,Store A,5.94
2024-05-15,Bread,Bakery,Store A,6.3
2024-05-16,Bread,Bakery,Store A,6.54
2024-05-17,Bread,Bakery,Store A,5.91
2024-05-18,Bread,Bakery,Store A,6.31
2024-05-19,Bread,Bakery,Store A,6.25
2024-05-20,Bread,Bakery,Store A,6.33
2024-05-21,Bread,Bakery,Store A,6.09
2024-05-22,Bread,Bakery,Store A,5.96
2024-05-23,Bread,Bakery,Store A,5.87
2024-05-24,Bread,Bakery,Store A,6.44
2024-05-25,Bread,Bakery,Store A,6.47
2024-05-26,Bread,Bakery,Store A,6.31
2024-05-27,Bread,Bakery,Store A,6.14
2024-05-28,Bread,Bakery,Store A,5.92
2024-05-29,Bread,Bakery,Store A,6.36
2024-05-30,Bread,Bakery,Store A,6.03
2024-05-31,Bread,Bakery,Store A,6.11
2024-06-01,Bread,Bakery,Store A,6.13
2024-06-02,Bread,Bakery,Store A,6.21
2024-06-03,Bread,Bakery,Store A,6.1
2024-06-04,Bread,Bakery,Store A,6.26
2024-06-05,Bread,Bakery,Store A,6.12
2024-06-06,Bread,Bakery,Store A,6.39
2024-06-07,Bread,Bakery,Store A,6.46
2024-06-08,Bread,Bakery,Store A,6.27
2024-06-09,Bread,Bakery,Store A,6.34
2024-06-10,Bread,Bakery,Store A,6.67
2024-06-11,Bread,Bakery,Store A,6.01
2024-06-12,Bread,Bakery,Store A,6.0
2024-06-13,Bread,Bakery,Store A,6.39
2024-06-14,Bread,Bakery,Store A,6.64
2024-06-15,Bread,Bakery,Store A,6.2
2024-06-16,Bread,Bakery,Store A,6.59
2024-06-17,Bread,Bakery,Store A,6.27
2024-06-18,Bread,Bakery,Store A,6.11
2024-06-19,Bread,Bakery,Store A,6.05
2024-06-20,Bread,Bakery,Store A,6.38
2024-06-21,Bread,Bakery,Store A,6.07
2024-06-22,Bread,Bakery,Store A,6.27
2024-06-23,Bread,Bakery,Store A,6.57
2024-06-24,Bread,Bakery,Store A,6.19
2024-06-25,Bread,Bakery,Store A,6.51
2024-06-26,Bread,Bakery,Store A,6.01
2024-06-27,Bread,Bakery,Store A,6.14
2024-06-28,Bread,Bakery,Store A,5.97
2024-06-29,Bread,Bakery,Store A,6.26
2024-06-30,Bread,Bakery,Store A,6.41
2024-01-01,Bread,Bakery,Store B,9.2
2024-01-02,Bread,Bakery,Store B,8.81
2024-01-03,Bread,Bakery,Store B,8.77
2024-01-04,Bread,Bakery,Store B,8.67
2024-01-05,Bread,Bakery,Store B,8.76
2024-01-06,Bread,Bakery,Store B,8.71
2024-01-07,Bread,Bakery,Store B,8.88
2024-01-08,Bread,Bakery,Store B,8.93
2024-01-09,Bread,Bakery,Store B,8.58
2024-01-10,Bread,Bakery,Store B,8.47
2024-01-11,Bread,Bakery,Store B,8.37
2024-01-12,Bread,Bakery,Store B,8.84
2024-01-13,Bread,Bakery,Store B,8.52
2024-01-14,Bread,Bakery,Store B,8.31
2024-01-15,Bread,Bakery,Store B,8.81
2024-01-16,Bread,Bakery,Store B,9.23
2024-01-17,Bread,Bakery,Store B,8.74
2024-01-18,Bread,Bakery,Store B,8.9
2024-01-19,Bread,Bakery,Store B,8.75
2024-01-20,Bread,Bakery,Store B,8.72
2024-01-21,Bread,Bakery,Store B,8.92
2024-01-22,Bread,Bakery,Store B,8.68
2024-01-23,Bread,Bakery,Store B,8.79
2024-01-24,Bread,Bakery,Store B,8.8
2024-01-25,Bread,Bakery,Store B,8.6
2024-01-26,Bread,Bakery,Store B,8.93
2024-01-27,Bread,Bakery,Store B,8.7
2024-01-28,Bread,Bakery,Store B,8.59
2024-01-29,Bread,Bakery,Store B,8.84
2024-01-30,Bread,Bakery,Store B,8.56
2024-01-31,Bread,Bakery,Store B,8.74
2024-02-01,Bread,Bakery,Store B,8.73
2024-02-02,Bread,Bakery,Store B,8.95
2024-02-03,Bread,Bakery,Store B,8.83
2024-02-04,Bread,Bakery,Store B,8.73
2024-02-05,Bread,Bakery,Store B,8.9
2024-02-06,Bread,Bakery,Store B,9.01
2024-02-07,Bread,Bakery,Store B,8.85
2024-02-08,Bread,Bakery,Store B,8.74
2024-02-09,Bread,Bakery,Store B,8.47
2024-02-10,Bread,Bakery,Store B,8.52
2024-02-11,Bread,Bakery,Store B,8.68
2024-02-12,Bread,Bakery,Store B,8.61
2024-02-13,Bread,Bakery,Store B,8.7
2024-02-14,Bread,Bakery,Store B,8.75
2024-02-15,Bread,Bakery,Store B,8.84
2024-02-16,Bread,Bakery,Store B,8.72
2024-02-17,Bread,Bakery,Store B,8.83
2024-02-18,Bread,Bakery,Store B,8.75
2024-02-19,Bread,Bakery,Store B,8.34
2024-02-20,Bread,Bakery,Store B,8.55
2024-02-21,Bread,Bakery,Store B,8.71
2024-02-22,Bread,Bakery,Store B,8.49
2024-02-23,Bread,Bakery,Store B,8.86
2024-02-24,Bread,Bakery,Store B,9.04
2024-02-25,Bread,Bakery,Store B,8.98
2024-02-26,Bread,Bakery,Store B,8.69
2024-02-27,Bread,Bakery,Store B,9.03
2024-02-28,Bread,Bakery,Store B,8.77
2024-02-29,Bread,Bakery,Store B,8.67
2024-03-01,Bread,Bakery,Store B,8.61
2024-03-02,Bread,Bakery,Store B,8.68
2024-03-03,Bread,Bakery,Store B,8.66
2024-03-04,Bread,Bakery,Store B,8.77
2024-03-05,Bread,Bakery,Store B,8.77
2024-03-06,Bread,Bakery,Store B,8.74
2024-03-07,Bread,Bakery,Store B,8.82
2024-03-08,Bread,Bakery,Store B,8.97
2024-03-09,Bread,Bakery,Store B,8.93
2024-03-10,Bread,Bakery,Store B,8.44
2024-03-11,Bread,Bakery,Store B,8.23
2024-03-12,Bread,Bakery,Store B,8.92
2024-03-13,Bread,Bakery,Store B,8.46
2024-03-14,Bread,Bakery,Store B,8.69
2024-03-15,Bread,Bakery,Store B,8.5
2024-03-16,Bread,Bakery,Store B,8.38
2024-03-17,Bread,Bakery,Store B,8.84
2024-03-18,Bread,Bakery,Store B,8.89
2024-03-19,Bread,Bakery,Store B,8.62
2024-03-20,Bread,Bakery,Store B,8.22
2024-03-21,Bread,Bakery,Store B,8.63
2024-03-22,Bread,Bakery,Store B,8.81
2024-03-23,Bread,Bakery,Store B,8.44
2024-03-24,Bread,Bakery,Store B,8.77
2024-03-25,Bread,Bakery,Store B,8.73
2024-03-26,Bread,Bakery,Store B,8.85
2024-03-27,Bread,Bakery,Store B,8.76
2024-03-28,Bread,Bakery,Store B,8.54
2024-03-29,Bread,Bakery,Store B,8.98
2024-03-30,Bread,Bakery,Store B,8.7
2024-03-31,Bread,Bakery,Store B,8.73
2024-04-01,Bread,Bakery,Store B,8.55
2024-04-02,Bread,Bakery,Store B,8.65
2024-04-03,Bread,Bakery,Store B,8.56
2024-04-04,Bread,Bakery,Store B,8.7
2024-04-05,Bread,Bakery,Store B,9.08
2024-04-06,Bread,Bakery,Store B,8.46
2024-04-07,Bread,Bakery,Store B,8.41
2024-04-08,Bread,Bakery,Store B,9.03
2024-04-09,Bread,Bakery,Store B,8.69
2024-04-10,Bread,Bakery,Store B,8.6
2024-04-11,Bread,Bakery,Store B,8.94
2024-04-12,Bread,Bakery,Store B,8.62
2024-04-13,Bread,Bakery,Store B,9.1
2024-04-14,Bread,Bakery,Store B,8.87
2024-04-15,Bread,Bakery,Store B,8.64
2024-04-16,Bread,Bakery,Store B,9.17
2024-04-17,Bread,Bakery,Store B,8.62
2024-04-18,Bread,Bakery,Store B,8.88
2024-04-19,Bread,Bakery,Store B,8.8
2024-04-20,Bread,Bakery,Store B,9.0
2024-04-21,Bread,Bakery,Store B,9.05
2024-04-22,Bread,Bakery,Store B,8.74
2024-04-23,Bread,Bakery,Store B,8.59
2024-04-24,Bread,Bakery,Store B,8.83
2024-04-25,Bread,Bakery,Store B,8.6
2024-04-26,Bread,Bakery,Store B,9.14
2024-04-27,Bread,Bakery,Store B,8.76
2024-04-28,Bread,Bakery,Store B,8.66
2024-04-29,Bread,Bakery,Store B,8.77
2024-04-30,Bread,Bakery,Store B,8.47
2024-05-01,Bread,Bakery,Store B,8.54
2024-05-02,Bread,Bakery,Store B,8.98
2024-05-03,Bread,Bakery,Store B,8.6
2024-05-04,Bread,Bakery,Store B,8.53
2024-05-05,Bread,Bakery,Store B,8.84
2024-05-06,Bread,Bakery,Store B,8.97
2024-05-07,Bread,Bakery,Store B,8.88
2024-05-08,Bread,Bakery,Store B,8.94
2024-05-09,Bread,Bakery,Store B,8.58
2024-05-10,Bread,Bakery,Store B,8.45
2024-05-11,Bread,Bakery,Store B,9.04
2024-05-12,Bread,Bakery,Store B,8.67
2024-05-13,Bread,Bakery,Store B,8.69
2024-05-14,Bread,Bakery,Store B,9.0
2024-05-15,Bread,Bakery,Store B,8.85
2024-05-16,Bread,Bakery,Store B,8.83
2024-05-17,Bread,Bakery,Store B,9.17
2024-05-18,Bread,Bakery,Store B,8.61
2024-05-19,Bread,Bakery,Store B,8.92
2024-05-20,Bread,Bakery,Store B,8.75
2024-05-21,Bread,Bakery,Store B,8.79
2024-05-22,Bread,Bakery,Store B,9.04
2024-05-23,Bread,Bakery,Store B,8.84
2024-05-24,Bread,Bakery,Store B,8.84
2024-05-25,Bread,Bakery,Store B,8.95
2024-05-26,Bread,Bakery,Store B,8.66
2024-05-27,Bread,Bakery,Store B,8.57
2024-05-28,Bread,Bakery,Store B,8.53
2024-05-29,Bread,Bakery,Store B,8.34
2024-05-30,Bread,Bakery,Store B,9.15
2024-05-31,Bread,Bakery,Store B,8.52
2024-06-01,Bread,Bakery,Store B,8.69
2024-06-02,Bread,Bakery,Store B,8.68
2024-06-03,Bread,Bakery,Store B,8.8
2024-06-04,Bread,Bakery,Store B,8.9
2024-06-05,Bread,Bakery,Store B,8.91
2024-06-06,Bread,Bakery,Store B,8.62
2024-06-07,Bread,Bakery,Store B,8.7
2024-06-08,Bread,Bakery,Store B,8.79
2024-06-09,Bread,Bakery,Store B,8.69
2024-06-10,Bread,Bakery,Store B,9.06
2024-06-11,Bread,Bakery,Store B,8.83
2024-06-12,Bread,Bakery,Store B,8.88
2024-06-13,Bread,Bakery,Store B,8.87
2024-06-14,Bread,Bakery,Store B,8.97
2024-06-15,Bread,Bakery,Store B,8.77
2024-06-16,Bread,Bakery,Store B,8.48
2024-06-17,Bread,Bakery,Store B,8.82
2024-06-18,Bread,Bakery,Store B,8.61
2024-06-19,Bread,Bakery,Store B,8.63
2024-06-20,Bread,Bakery,Store B,8.85
2024-06-21,Bread,Bakery,Store B,8.98
2024-06-22,Bread,Bakery,Store B,8.74
2024-06-23,Bread,Bakery,Store B,8.8
2024-06-24,Bread,Bakery,Store B,9.08
2024-06-25,Bread,Bakery,Store B,8.78
2024-06-26,Bread,Bakery,Store B,9.26
2024-06-27,Bread,Bakery,Store B,8.85
2024-06-28,Bread,Bakery,Store B,8.38
2024-06-29,Bread,Bakery,Store B,8.89
2024-06-30,Bread,Bakery,Store B,8.81
2024-01-01,Bread,Bakery,Store C,6.97
2024-01-02,Bread,Bakery,Store C,7.19
2024-01-03,Bread,Bakery,Store C,7.04
2024-01-04,Bread,Bakery,Store C,7.09
2024-01-05,Bread,Bakery,Store C,7.26
2024-01-06,Bread,Bakery,Store C,6.9
2024-01-07,Bread,Bakery,Store C,7.35
2024-01-08,Bread,Bakery,Store C,7.01
2024-01-09,Bread,Bakery,Store C,7.14
2024-01-10,Bread,Bakery,Store C,6.81
2024-01-11,Bread,Bakery,Store C,7.23
2024-01-12,Bread,Bakery,Store C,7.38
2024-01-13,Bread,Bakery,Store C,6.99
2024-01-14,Bread,Bakery,Store C,6.87
2024-01-15,Bread,Bakery,Store C,7.15
2024-01-16,Bread,Bakery,Store C,7.38
2024-01-17,Bread,Bakery,Store C,6.8
2024-01-18,Bread,Bakery,Store C,6.87
2024-01-19,Bread,Bakery,Store C,7.0
2024-01-20,Bread,Bakery,Store C,6.93
2024-01-21,Bread,Bakery,Store C,6.93
2024-01-22,Bread,Bakery,Store C,6.67
2024-01-23,Bread,Bakery,Store C,7.21
2024-01-24,Bread,Bakery,Store C,7.16
2024-01-25,Bread,Bakery,Store C,6.75
2024-01-26,Bread,Bakery,Store C,7.38
2024-01-27,Bread,Bakery,Store C,7.43
2024-01-28,Bread,Bakery,Store C,6.94
2024-01-29,Bread,Bakery,Store C,7.32
2024-01-30,Bread,Bakery,Store C,6.98
2024-01-31,Bread,Bakery,Store C,7.13
2024-02-01,Bread,Bakery,Store C,6.92
2024-02-02,Bread,Bakery,Store C,7.53
2024-02-03,Bread,Bakery,Store C,7.03
2024-02-04,Bread,Bakery,Store C,7.12
2024-02-05,Bread,Bakery,Store C,6.95
2024-02-06,Bread,Bakery,Store C,7.46
2024-02-07,Bread,Bakery,Store C,7.47
2024-02-08,Bread,Bakery,Store C,7.42
2024-02-09,Bread,Bakery,Store C,7.28
2024-02-10,Bread,Bakery,Store C,6.97
2024-02-11,Bread,Bakery,Store C,7.26
2024-02-12,Bread,Bakery,Store C,7.09
2024-02-13,Bread,Bakery,Store C,7.35
2024-02-14,Bread,Bakery,Store C,7.31
2024-02-15,Bread,Bakery,Store C,6.96
2024-02-16,Bread,Bakery,Store C,7.28
2024-02-17,Bread,Bakery,Store C,7.23
2024-02-18,Bread,Bakery,Store C,6.54
2024-02-19,Bread,Bakery,Store C,7.25
2024-02-20,Bread,Bakery,Store C,7.0
2024-02-21,Bread,Bakery,Store C,6.91
2024-02-22,Bread,Bakery,Store C,6.92
2024-02-23,Bread,Bakery,Store C,7.06
2024-02-24,Bread,Bakery,Store C,7.19
2024-02-25,Bread,Bakery,Store C,6.82
2024-02-26,Bread,Bakery,Store C,7.13
2024-02-27,Bread,Bakery,Store C,7.21
2024-02-28,Bread,Bakery,Store C,7.46
2024-02-29,Bread,Bakery,Store C,6.87
2024-03-01,Bread,Bakery,Store C,7.02
2024-03-02,Bread,Bakery,Store C,7.14
2024-03-03,Bread,Bakery,Store C,7.32
2024-03-04,Bread,Bakery,Store C,7.03
2024-03-05,Bread,Bakery,Store C,7.33
2024-03-06,Bread,Bakery,Store C,6.7
2024-03-07,Bread,Bakery,Store C,6.84
2024-03-08,Bread,Bakery,Store C,7.16
2024-03-09,Bread,Bakery,Store C,6.81
2024-03-10,Bread,Bakery,Store C,6.86
2024-03-11,Bread,Bakery,Store C,6.98
2024-03-12,Bread,Bakery,Store C,7.24
2024-03-13,Bread,Bakery,Store C,6.71
2024-03-14,Bread,Bakery,Store C,7.12
2024-03-15,Bread,Bakery,Store C,7.3
2024-03-16,Bread,Bakery,Store C,7.05
2024-03-17,Bread,Bakery,Store C,7.02
2024-03-18,Bread,Bakery,Store C,7.17
2024-03-19,Bread,Bakery,Store C,7.05
2024-03-20,Bread,Bakery,Store C,7.37
2024-03-21,Bread,Bakery,Store C,6.87
2024-03-22,Bread,Bakery,Store C,7.08
2024-03-23,Bread,Bakery,Store C,7.13
2024-03-24,Bread,Bakery,Store C,7.01
2024-03-25,Bread,Bakery,Store C,6.52
2024-03-26,Bread,Bakery,Store C,7.06
2024-03-27,Bread,Bakery,Store C,7.27
2024-03-28,Bread,Bakery,Store C,7.25
2024-03-29,Bread,Bakery,Store C,7.16
2024-03-30,Bread,Bakery,Store C,6.87
2024-03-31,Bread,Bakery,Store C,7.17
2024-04-01,Bread,Bakery,Store C,6.98
2024-04-02,Bread,Bakery,Store C,7.16
2024-04-03,Bread,Bakery,Store C,7.11
2024-04-04,Bread,Bakery,Store C,6.9
2024-04-05,Bread,Bakery,Store C,6.91
2024-04-06,Bread,Bakery,Store C,7.16
2024-04-07,Bread,Bakery,Store C,7.05
2024-04-08,Bread,Bakery,Store C,6.92
2024-04-09,Bread,Bakery,Store C,6.91
2024-04-10,Bread,Bakery,Store C,7.03
2024-04-11,Bread,Bakery,Store C,7.4
2024-04-12,Bread,Bakery,Store C,6.99
2024-04-13,Bread,Bakery,Store C,7.09
2024-04-14,Bread,Bakery,Store C,7.11
2024-04-15,Bread,Bakery,Store C,6.86
2024-04-16,Bread,Bakery,Store C,6.74
2024-04-17,Bread,Bakery,Store C,6.89
2024-04-18,Bread,Bakery,Store C,7.14
2024-04-19,Bread,Bakery,Store C,7.11
2024-04-20,Bread,Bakery,Store C,7.23
2024-04-21,Bread,Bakery,Store C,7.11
2024-04-22,Bread,Bakery,Store C,7.07
2024-04-23,Bread,Bakery,Store C,6.97
2024-04-24,Bread,Bakery,Store C,7.27
2024-04-25,Bread,Bakery,Store C,6.91
2024-04-26,Bread,Bakery,Store C,6.87
2024-04-27,Bread,Bakery,Store C,7.2
2024-04-28,Bread,Bakery,Store C,6.82
2024-04-29,Bread,Bakery,Store C,7.57
2024-04-30,Bread,Bakery,Store C,7.11
2024-05-01,Bread,Bakery,Store C,7.16
2024-05-02,Bread,Bakery,Store C,6.93
2024-05-03,Bread,Bakery,Store C,7.03
2024-05-04,Bread,Bakery,Store C,7.0
2024-05-05,Bread,Bakery,Store C,6.98
2024-05-06,Bread,Bakery,Store C,7.22
2024-05-07,Bread,Bakery,Store C,7.0
2024-05-08,Bread,Bakery,Store C,7.29
2024-05-09,Bread,Bakery,Store C,7.62
2024-05-10,Bread,Bakery,Store C,7.03
2024-05-11,Bread,Bakery,Store C,7.12
2024-05-12,Bread,Bakery,Store C,7.17
2024-05-13,Bread,Bakery,Store C,7.45
2024-05-14,Bread,Bakery,Store C,7.07
2024-05-15,Bread,Bakery,Store C,6.92
2024-05-16,Bread,Bakery,Store C,6.84
2024-05-17,Bread,Bakery,Store C,7.08
2024-05-18,Bread,Bakery,Store C,7.0
2024-05-19,Bread,Bakery,Store C,7.49
2024-05-20,Bread,Bakery,Store C,7.44
2024-05-21,Bread,Bakery,Store C,6.88
2024-05-22,Bread,Bakery,Store C,6.95
2024-05-23,Bread,Bakery,Store C,7.11
2024-05-24,Bread,Bakery,Store C,7.37
2024-05-25,Bread,Bakery,Store C,7.1
2024-05-26,Bread,Bakery,Store C,6.96
2024-05-27,Bread,Bakery,Store C,7.08
2024-05-28,Bread,Bakery,Store C,6.96
2024-05-29,Bread,Bakery,Store C,7.21
2024-05-30,Bread,Bakery,Store C,6.95
2024-05-31,Bread,Bakery,Store C,6.99
2024-06-01,Bread,Bakery,Store C,7.32
2024-06-02,Bread,Bakery,Store C,6.94
2024-06-03,Bread,Bakery,Store C,6.8
2024-06-04,Bread,Bakery,Store C,7.11
2024-06-05,Bread,Bakery,Store C,7.02
2024-06-06,Bread,Bakery,Store C,7.19
2024-06-07,Bread,Bakery,Store C,7.15
2024-06-08,Bread,Bakery,Store C,7.08
2024-06-09,Bread,Bakery,Store C,7.08
2024-06-10,Bread,Bakery,Store C,6.94
2024-06-11,Bread,Bakery,Store C,7.11
2024-06-12,Bread,Bakery,Store C,7.27
2024-06-13,Bread,Bakery,Store C,6.9
2024-06-14,Bread,Bakery,Store C,7.09
2024-06-15,Bread,Bakery,Store C,7.3
2024-06-16,Bread,Bakery,Store C,7.19
2024-06-17,Bread,Bakery,Store C,7.35
2024-06-18,Bread,Bakery,Store C,6.98
2024-06-19,Bread,Bakery,Store C,6.72
2024-06-20,Bread,Bakery,Store C,7.13
2024-06-21,Bread,Bakery,Store C,7.16
2024-06-22,Bread,Bakery,Store C,7.36
2024-06-23,Bread,Bakery,Store C,7.33
2024-06-24,Bread,Bakery,Store C,7.2
2024-06-25,Bread,Bakery,Store C,7.24
2024-06-26,Bread,Bakery,Store C,7.05
2024-06-27,Bread,Bakery,Store C,6.85
2024-06-28,Bread,Bakery,Store C,7.11
2024-06-29,Bread,Bakery,Store C,7.29
2024-06-30,Bread,Bakery,Store C,7.22
2024-01-01,Apples,Produce,Store A,4.47
2024-01-02,Apples,Produce,Store A,4.45
2024-01-03,Apples,Produce,Store A,4.34
2024-01-04,Apples,Produce,Store A,4.62
2024-01-05,Apples,Produce,Store A,4.95
2024-01-06,Apples,Produce,Store A,4.32
2024-01-07,Apples,Produce,Store A,4.54
2024-01-08,Apples,Produce,Store A,4.82
2024-01-09,Apples,Produce,Store A,4.52
2024-01-10,Apples,Produce,Store A,4.62
2024-01-11,Apples,Produce,Store A,4.32
2024-01-12,Apples,Produce,Store A,4.62
2024-01-13,Apples,Produce,Store A,4.5
2024-01-14,Apples,Produce,Store A,4.73
2024-01-15,Apples,Produce,Store A,4.77
2024-01-16,Apples,Produce,Store A,5.05
2024-01-17,Apples,Produce,Store A,4.65
2024-01-18,Apples,Produce,Store A,4.6
2024-01-19,Apples,Produce,Store A,4.57
2024-01-20,Apples,Produce,Store A,4.46
2024-01-21,Apples,Produce,Store A,4.6
2024-01-22,Apples,Produce,Store A,4.48
2024-01-23,Apples,Produce,Store A,4.57
2024-01-24,Apples,Produce,Store A,4.8
2024-01-25,Apples,Produce,Store A,4.33
2024-01-26,Apples,Produce,Store A,4.76
2024-01-27,Apples,Produce,Store A,4.8
2024-01-28,Apples,Produce,Store A,4.51
2024-01-29,Apples,Produce,Store A,4.11
2024-01-30,Apples,Produce,Store A,4.41
2024-01-31,Apples,Produce,Store A,4.79
2024-02-01,Apples,Produce,Store A,4.53
2024-02-02,Apples,Produce,Store A,4.33
2024-02-03,Apples,Produce,Store A,4.43
2024-02-04,Apples,Produce,Store A,4.7
2024-02-05,Apples,Produce,Store A,4.64
2024-02-06,Apples,Produce,Store A,4.49
2024-02-07,Apples,Produce,Store A,4.46
2024-02-08,Apples,Produce,Store A,4.46
2024-02-09,Apples,Produce,Store A,4.35
2024-02-10,Apples,Produce,Store A,4.86
2024-02-11,Apples,Produce,Store A,4.47
2024-02-12,Apples,Produce,Store A,4.78
2024-02-13,Apples,Produce,Store A,4.84
2024-02-14,Apples,Produce,Store A,4.73
2024-02-15,Apples,Produce,Store A,4.45
2024-02-16,Apples,Produce,Store A,4.61
2024-02-17,Apples,Produce,Store A,4.53
2024-02-18,Apples,Produce,Store A,4.35
2024-02-19,Apples,Produce,Store A,4.6
2024-02-20,Apples,Produce,Store A,4.3
2024-02-21,Apples,Produce,Store A,4.77
2024-02-22,Apples,Produce,Store A,4.44
2024-02-23,Apples,Produce,Store A,4.57
2024-02-24,Apples,Produce,Store A,4.59
2024-02-25,Apples,Produce,Store A,4.48
2024-02-26,Apples,Produce,Store A,4.65
2024-02-27,Apples,Produce,Store A,4.44
2024-02-28,Apples,Produce,Store A,4.71
2024-02-29,Apples,Produce,Store A,4.26
2024-03-01,Apples,Produce,Store A,4.56
2024-03-02,Apples,Produce,Store A,4.92
2024-03-03,Apples,Produce,Store A,4.33
2024-03-04,Apples,Produce,Store A,4.4
2024-03-05,Apples,Produce,Store A,4.64
2024-03-06,Apples,Produce,Store A,4.57
2024-03-07,Apples,Produce,Store A,4.6
2024-03-08,Apples,Produce,Store A,4.63
2024-03-09,Apples,Produce,Store A,4.66
2024-03-10,Apples,Produce,Store A,4.76
2024-03-11,Apples,Produce,Store A,4.62
2024-03-12,Apples,Produce,Store A,4.49
2024-03-13,Apples,Produce,Store A,4.67
2024-03-14,Apples,Produce,Store A,4.91
2024-03-15,Apples,Produce,Store A,4.51
2024-03-16,Apples,Produce,Store A,4.34
2024-03-17,Apples,Produce,Store A,4.76
2024-03-18,Apples,Produce,Store A,4.51
2024-03-19,Apples,Produce,Store A,4.1
2024-03-20,Apples,Produce,Store A,4.7
2024-03-21,Apples,Produce,Store A,4.43
2024-03-22,Apples,Produce,Store A,4.52
2024-03-23,Apples,Produce,Store A,4.6
2024-03-24,Apples,Produce,Store A,4.57
2024-03-25,Apples,Produce,Store A,4.68
2024-03-26,Apples,Produce,Store A,4.45
2024-03-27,Apples,Produce,Store A,4.64
2024-03-28,Apples,Produce,Store A,4.48
2024-03-29,Apples,Produce,Store A,4.68
2024-03-30,Apples,Produce,Store A,4.66
2024-03-31,Apples,Produce,Store A,4.35
2024-04-01,Apples,Produce,Store A,4.75
2024-04-02,Apples,Produce,Store A,4.43
2024-04-03,Apples,Produce,Store A,4.7
2024-04-04,Apples,Produce,Store A,4.61
2024-04-05,Apples,Produce,Store A,4.9
2024-04-06,Apples,Produce,Store A,4.49
2024-04-07,Apples,Produce,Store A,4.46
2024-04-08,Apples,Produce,Store A,4.53
2024-04-09,Apples,Produce,Store A,4.47
2024-04-10,Apples,Produce,Store A,4.69
2024-04-11,Apples,Produce,Store A,4.21
2024-04-12,Apples,Produce,Store A,4.32
2024-04-13,Apples,Produce,Store A,4.32
2024-04-14,Apples,Produce,Store A,4.72
2024-04-15,Apples,Produce,Store A,4.88
2024-04-16,Apples,Produce,Store A,4.51
2024-04-17,Apples,Produce,Store A,4.5
2024-04-18,Apples,Produce,Store A,4.55
2024-04-19,Apples,Produce,Store A,4.77
2024-04-20,Apples,Produce,Store A,4.35
2024-04-21,Apples,Produce,Store A,4.58
2024-04-22,Apples,Produce,Store A,4.73
2024-04-23,Apples,Produce,Store A,4.63
2024-04-24,Apples,Produce,Store A,4.57
2024-04-25,Apples,Produce,Store A,4.73
2024-04-26,Apples,Produce,Store A,3.99
2024-04-27,Apples,Produce,Store A,4.67
2024-04-28,Apples,Produce,Store A,4.4
2024-04-29,Apples,Produce,Store A,4.17
2024-04-30,Apples,Produce,Store A,4.64
2024-05-01,Apples,Produce,Store A,4.81
2024-05-02,Apples,Produce,Store A,4.51
2024-05-03,Apples,Produce,Store A,4.72
2024-05-04,Apples,Produce,Store A,4.86
2024-05-05,Apples,Produce,Store A,4.8
2024-05-06,Apples,Produce,Store A,4.86
2024-05-07,Apples,Produce,Store A,4.68
2024-05-08,Apples,Produce,Store A,4.55
2024-05-09,Apples,Produce,Store A,4.21
2024-05-10,Apples,Produce,Store A,4.48
2024-05-11,Apples,Produce,Store A,4.37
2024-05-12,Apples,Produce,Store A,4.97
2024-05-13,Apples,Produce,Store A,4.5
2024-05-14,Apples,Produce,Store A,4.56
2024-05-15,Apples,Produce,Store A,4.64
2024-05-16,Apples,Produce,Store A,4.54
2024-05-17,Apples,Produce,Store A,4.87
2024-05-18,Apples,Produce,Store A,4.41
2024-05-19,Apples,Produce,Store A,4.57
2024-05-20,Apples,Produce,Store A,4.39
2024-05-21,Apples,Produce,Store A,4.27
2024-05-22,Apples,Produce,Store A,4.41
2024-05-23,Apples,Produce,Store A,4.53
2024-05-24,Apples,Produce,Store A,4.45
2024-05-25,Apples,Produce,Store A,4.4
2024-05-26,Apples,Produce,Store A,4.25
2024-05-27,Apples,Produce,Store A,4.52
2024-05-28,Apples,Produce,Store A,4.23
2024-05-29,Apples,Produce,Store A,4.69
2024-05-30,Apples,Produce,Store A,4.55
2024-05-31,Apples,Produce,Store A,4.24
2024-06-01,Apples,Produce,Store A,4.47
2024-06-02,Apples,Produce,Store A,4.38
2024-06-03,Apples,Produce,Store A,4.6
2024-06-04,Apples,Produce,Store A,4.8
2024-06-05,Apples,Produce,Store A,4.16
2024-06-06,Apples,Produce,Store A,4.56
2024-06-07,Apples,Produce,Store A,4.5
2024-06-08,Apples,Produce,Store A,4.67
2024-06-09,Apples,Produce,Store A,4.58
2024-06-10,Apples,Produce,Store A,4.38
2024-06-11,Apples,Produce,Store A,4.47
2024-06-12,Apples,Produce,Store A,4.37
2024-06-13,Apples,Produce,Store A,4.75
2024-06-14,Apples,Produce,Store A,4.54
2024-06-15,Apples,Produce,Store A,4.91
2024-06-16,Apples,Produce,Store A,4.52
2024-06-17,Apples,Produce,Store A,4.39
2024-06-18,Apples,Produce,Store A,4.23
2024-06-19,Apples,Produce,Store A,4.17
2024-06-20,Apples,Produce,Store A,4.22
2024-06-21,Apples,Produce,Store A,4.59
2024-06-22,Apples,Produce,Store A,4.64
2024-06-23,Apples,Produce,Store A,4.22
2024-06-24,Apples,Produce,Store A,4.71
2024-06-25,Apples,Produce,Store A,4.44
2024-06-26,Apples,Produce,Store A,4.56
2024-06-27,Apples,Produce,Store A,4.86
2024-06-28,Apples,Produce,Store A,4.71
2024-06-29,Apples,Produce,Store A,4.48
2024-06-30,Apples,Produce,Store A,4.36
2024-01-01,Apples,Produce,Store B,5.47
2024-01-02,Apples,Produce,Store B,5.59
2024-01-03,Apples,Produce,Store B,5.95
2024-01-04,Apples,Produce,Store B,5.55
2024-01-05,Apples,Produce,Store B,5.75
2024-01-06,Apples,Produce,Store B,5.62
2024-01-07,Apples,Produce,Store B,5.9
2024-01-08,Apples,Produce,Store B,5.88
2024-01-09,Apples,Produce,Store B,5.89
2024-01-10,Apples,Produce,Store B,5.3
2024-01-11,Apples,Produce,Store B,5.69
2024-01-12,Apples,Produce,Store B,5.8
2024-01-13,Apples,Produce,Store B,5.73
2024-01-14,Apples,Produce,Store B,5.78
2024-01-15,Apples,Produce,Store B,5.66
2024-01-16,Apples,Produce,Store B,5.5
2024-01-17,Apples,Produce,Store B,5.31
2024-01-18,Apples,Produce,Store B,5.52
2024-01-19,Apples,Produce,Store B,6.19
2024-01-20,Apples,Produce,Store B,5.55
2024-01-21,Apples,Produce,Store B,5.26
2024-01-22,Apples,Produce,Store B,5.8
2024-01-23,Apples,Produce,Store B,5.82
2024-01-24,Apples,Produce,Store B,5.91
2024-01-25,Apples,Produce,Store B,5.74
2024-01-26,Apples,Produce,Store B,5.82
2024-01-27,Apples,Produce,Store B,6.02
2024-01-28,Apples,Produce,Store B,5.5
2024-01-29,Apples,Produce,Store B,5.46
2024-01-30,Apples,Produce,Store B,5.43
2024-01-31,Apples,Produce,Store B,5.6
2024-02-01,Apples,Produce,Store B,5.94
2024-02-02,Apples,Produce,Store B,5.76
2024-02-03,Apples,Produce,Store B,5.75
2024-02-04,Apples,Produce,Store B,5.29
2024-02-05,Apples,Produce,Store B,5.51
2024-02-06,Apples,Produce,Store B,5.28
2024-02-07,Apples,Produce,Store B,5.88
2024-02-08,Apples,Produce,Store B,5.97
2024-02-09,Apples,Produce,Store B,5.81
2024-02-10,Apples,Produce,Store B,5.45
2024-02-11,Apples,Produce,Store B,5.95
2024-02-12,Apples,Produce,Store B,5.6
2024-02-13,Apples,Produce,Store B,5.41
2024-02-14,Apples,Produce,Store B,5.46
2024-02-15,Apples,Produce,Store B,5.56
2024-02-16,Apples,Produce,Store B,5.66
2024-02-17,Apples,Produce,Store B,5.62
2024-02-18,Apples,Produce,Store B,5.37
2024-02-19,Apples,Produce,Store B,5.89
2024-02-20,Apples,Produce,Store B,5.62
2024-02-21,Apples,Produce,Store B,5.51
2024-02-22,Apples,Produce,Store B,5.87
2024-02-23,Apples,Produce,Store B,5.41
2024-02-24,Apples,Produce,Store B,5.32
2024-02-25,Apples,Produce,Store B,5.9
2024-02-26,Apples,Produce,Store B,6.03
2024-02-27,Apples,Produce,Store B,5.56
2024-02-28,Apples,Produce,Store B,5.64
2024-02-29,Apples,Produce,Store B,5.42
2024-03-01,Apples,Produce,Store B,5.65
2024-03-02,Apples,Produce,Store B,5.55
2024-03-03,Apples,Produce,Store B,5.63
2024-03-04,Apples,Produce,Store B,5.73
2024-03-05,Apples,Produce,Store B,5.43
2024-03-06,Apples,Produce,Store B,5.58
2024-03-07,Apples,Produce,Store B,5.29
2024-03-08,Apples,Produce,Store B,5.58
2024-03-09,Apples,Produce,Store B,5.63
2024-03-10,Apples,Produce,Store B,5.7
2024-03-11,Apples,Produce,Store B,5.7
2024-03-12,Apples,Produce,Store B,5.83
2024-03-13,Apples,Produce,Store B,5.34
2024-03-14,Apples,Produce,Store B,5.35
2024-03-15,Apples,Produce,Store B,5.76
2024-03-16,Apples,Produce,Store B,5.24
2024-03-17,Apples,Produce,Store B,5.69
2024-03-18,Apples,Produce,Store B,5.41
2024-03-19,Apples,Produce,Store B,5.96
2024-03-20,Apples,Produce,Store B,5.7
2024-03-21,Apples,Produce,Store B,5.61
2024-03-22,Apples,Produce,Store B,5.9
2024-03-23,Apples,Produce,Store B,5.44
2024-03-24,Apples,Produce,Store B,5.48
2024-03-25,Apples,Produce,Store B,5.4
2024-03-26,Apples,Produce,Store B,5.48
2024-03-27,Apples,Produce,Store B,5.66
2024-03-28,Apples,Produce,Store B,5.75
2024-03-29,Apples,Produce,Store B,5.84
2024-03-30,Apples,Produce,Store B,5.28
2024-03-31,Apples,Produce,Store B,5.62
2024-04-01,Apples,Produce,Store B,5.43
2024-04-02,Apples,Produce,Store B,5.61
2024-04-03,Apples,Produce,Store B,6.12
2024-04-04,Apples,Produce,Store B,5.71
2024-04-05,Apples,Produce,Store B,5.83
2024-04-06,Apples,Produce,Store B,6.04
2024-04-07,Apples,Produce,Store B,5.88
2024-04-08,Apples,Produce,Store B,5.56
2024-04-09,Apples,Produce,Store B,5.39
2024-04-10,Apples,Produce,Store B,5.64
2024-04-11,Apples,Produce,Store B,5.54
2024-04-12,Apples,Produce,Store B,5.34
2024-04-13,Apples,Produce,Store B,5.7
2024-04-14,Apples,Produce,Store B,5.7
2024-04-15,Apples,Produce,Store B,6.0
2024-04-16,Apples,Produce,Store B,5.58
2024-04-17,Apples,Produce,Store B,5.71
2024-04-18,Apples,Produce,Store B,5.52
2024-04-19,Apples,Produce,Store B,5.82
2024-04-20,Apples,Produce,Store B,5.62
2024-04-21,Apples,Produce,Store B,5.42
2024-04-22,Apples,Produce,Store B,5.65
2024-04-23,Apples,Produce,Store B,5.73
2024-04-24,Apples,Produce,Store B,5.7
2024-04-25,Apples,Produce,Store B,5.86
2024-04-26,Apples,Produce,Store B,5.36
2024-04-27,Apples,Produce,Store B,5.48
2024-04-28,Apples,Produce,Store B,5.78
2024-04-29,Apples,Produce,Store B,5.5
2024-04-30,Apples,Produce,Store B,5.7
2024-05-01,Apples,Produce,Store B,5.17
2024-05-02,Apples,Produce,Store B,6.19
2024-05-03,Apples,Produce,Store B,5.6
2024-05-04,Apples,Produce,Store B,5.89
2024-05-05,Apples,Produce,Store B,5.58
2024-05-06,Apples,Produce,Store B,5.73
2024-05-07,Apples,Produce,Store B,5.95
2024-05-08,Apples,Produce,Store B,5.88
2024-05-09,Apples,Produce,Store B,5.61
2024-05-10,Apples,Produce,Store B,5.62
2024-05-11,Apples,Produce,Store B,5.85
2024-05-12,Apples,Produce,Store B,6.12
2024-05-13,Apples,Produce,Store B,5.69
2024-05-14,Apples,Produce,Store B,6.04
2024-05-15,Apples,Produce,Store B,5.6
2024-05-16,Apples,Produce,Store B,5.84
2024-05-17,Apples,Produce,Store B,5.87
2024-05-18,Apples,Produce,Store B,5.57
2024-05-19,Apples,Produce,Store B,5.5
2024-05-20,Apples,Produce,Store B,5.88
2024-05-21,Apples,Produce,Store B,5.54
2024-05-22,Apples,Produce,Store B,5.47
2024-05-23,Apples,Produce,Store B,5.51
2024-05-24,Apples,Produce,Store B,5.54
2024-05-25,Apples,Produce,Store B,5.82
2024-05-26,Apples,Produce,Store B,5.75
2024-05-27,Apples,Produce,Store B,5.79
2024-05-28,Apples,Produce,Store B,5.73
2024-05-29,Apples,Produce,Store B,5.53
2024-05-30,Apples,Produce,Store B,5.79
2024-05-31,Apples,Produce,Store B,5.89
2024-06-01,Apples,Produce,Store B,5.77
2024-06-02,Apples,Produce,Store B,5.74
2024-06-03,Apples,Produce,Store B,5.5
2024-06-04,Apples,Produce,Store B,5.69
2024-06-05,Apples,Produce,Store B,5.49
2024-06-06,Apples,Produce,Store B,5.65
2024-06-07,Apples,Produce,Store B,5.32
2024-06-08,Apples,Produce,Store B,5.32
2024-06-09,Apples,Produce,Store B,5.61
2024-06-10,Apples,Produce,Store B,5.54
2024-06-11,Apples,Produce,Store B,5.67
2024-06-12,Apples,Produce,Store B,5.62
2024-06-13,Apples,Produce,Store B,5.66
2024-06-14,Apples,Produce,Store B,5.77
2024-06-15,Apples,Produce,Store B,5.56
2024-06-16,Apples,Produce,Store B,5.61
2024-06-17,Apples,Produce,Store B,5.94
2024-06-18,Apples,Produce,Store B,5.65
2024-06-19,Apples,Produce,Store B,5.61
2024-06-20,Apples,Produce,Store B,5.67
2024-06-21,Apples,Produce,Store B,5.62
2024-06-22,Apples,Produce,Store B,5.51
2024-06-23,Apples,Produce,Store B,5.45
2024-06-24,Apples,Produce,Store B,5.5
2024-06-25,Apples,Produce,Store B,5.82
2024-06-26,Apples,Produce,Store B,5.52
2024-06-27,Apples,Produce,Store B,5.62
2024-06-28,Apples,Produce,Store B,5.79
2024-06-29,Apples,Produce,Store B,5.59
2024-06-30,Apples,Produce,Store B,5.78
2024-01-01,Apples,Produce,Store C,5.94
2024-01-02,Apples,Produce,Store C,5.56
2024-01-03,Apples,Produce,Store C,5.82
2024-01-04,Apples,Produce,Store C,5.87
2024-01-05,Apples,Produce,Store C,6.08
2024-01-06,Apples,Produce,Store C,5.55
2024-01-07,Apples,Produce,Store C,5.21
2024-01-08,Apples,Produce,Store C,5.85
2024-01-09,Apples,Produce,Store C,6.17
2024-01-10,Apples,Produce,Store C,6.06
2024-01-11,Apples,Produce,Store C,5.85
2024-01-12,Apples,Produce,Store C,5.71
2024-01-13,Apples,Produce,Store C,5.97
2024-01-14,Apples,Produce,Store C,5.62
2024-01-15,Apples,Produce,Store C,5.91
2024-01-16,Apples,Produce,Store C,5.91
2024-01-17,Apples,Produce,Store C,6.02
2024-01-18,Apples,Produce,Store C,6.36
2024-01-19,Apples,Produce,Store C,5.89
2024-01-20,Apples,Produce,Store C,5.71
2024-01-21,Apples,Produce,Store C,5.81
2024-01-22,Apples,Produce,Store C,5.46
2024-01-23,Apples,Produce,Store C,5.67
2024-01-24,Apples,Produce,Store C,5.73
2024-01-25,Apples,Produce,Store C,5.71
2024-01-26,Apples,Produce,Store C,5.84
2024-01-27,Apples,Produce,Store C,5.65
2024-01-28,Apples,Produce,Store C,6.04
2024-01-29,Apples,Produce,Store C,5.81
2024-01-30,Apples,Produce,Store C,5.81
2024-01-31,Apples,Produce,Store C,5.75
2024-02-01,Apples,Produce,Store C,5.84
2024-02-02,Apples,Produce,Store C,5.98
2024-02-03,Apples,Produce,Store C,5.64
2024-02-04,Apples,Produce,Store C,5.68
2024-02-05,Apples,Produce,Store C,5.75
2024-02-06,Apples,Produce,Store C,5.54
2024-02-07,Apples,Produce,Store C,5.65
2024-02-08,Apples,Produce,Store C,5.72
2024-02-09,Apples,Produce,Store C,5.99
2024-02-10,Apples,Produce,Store C,5.86
2024-02-11,Apples,Produce,Store C,5.85
2024-02-12,Apples,Produce,Store C,5.98
2024-02-13,Apples,Produce,Store C,5.78
2024-02-14,Apples,Produce,Store C,5.89
2024-02-15,Apples,Produce,Store C,5.79
2024-02-16,Apples,Produce,Store C,5.86
2024-02-17,Apples,Produce,Store C,5.69
2024-02-18,Apples,Produce,Store C,5.32
2024-02-19,Apples,Produce,Store C,5.78
2024-02-20,Apples,Produce,Store C,6.1
2024-02-21,Apples,Produce,Store C,6.0
2024-02-22,Apples,Produce,Store C,6.0
2024-02-23,Apples,Produce,Store C,6.06
2024-02-24,Apples,Produce,Store C,5.83
2024-02-25,Apples,Produce,Store C,5.85
2024-02-26,Apples,Produce,Store C,5.69
2024-02-27,Apples,Produce,Store C,5.75
2024-02-28,Apples,Produce,Store C,5.93
2024-02-29,Apples,Produce,Store C,6.05
2024-03-01,Apples,Produce,Store C,5.78
2024-03-02,Apples,Produce,Store C,5.72
2024-03-03,Apples,Produce,Store C,5.81
2024-03-04,Apples,Produce,Store C,5.93
2024-03-05,Apples,Produce,Store C,5.52
2024-03-06,Apples,Produce,Store C,5.35
2024-03-07,Apples,Produce,Store C,5.7
2024-03-08,Apples,Produce,Store C,5.57
2024-03-09,Apples,Produce,Store C,5.71
2024-03-10,Apples,Produce,Store C,5.78
2024-03-11,Apples,Produce,Store C,5.72
2024-03-12,Apples,Produce,Store C,6.1
2024-03-13,Apples,Produce,Store C,5.88
2024-03-14,Apples,Produce,Store C,5.87
2024-03-15,Apples,Produce,Store C,5.94
2024-03-16,Apples,Produce,Store C,5.58
2024-03-17,Apples,Produce,Store C,6.02
2024-03-18,Apples,Produce,Store C,5.8
2024-03-19,Apples,Produce,Store C,5.95
2024-03-20,Apples,Produce,Store C,5.6
2024-03-21,Apples,Produce,Store C,5.5
2024-03-22,Apples,Produce,Store C,5.98
2024-03-23,Apples,Produce,Store C,5.89
2024-03-24,Apples,Produce,Store C,5.63
2024-03-25,Apples,Produce,Store C,5.64
2024-03-26,Apples,Produce,Store C,6.04
2024-03-27,Apples,Produce,Store C,5.57
2024-03-28,Apples,Produce,Store C,6.14
2024-03-29,Apples,Produce,Store C,5.63
2024-03-30,Apples,Produce,Store C,5.94
2024-03-31,Apples,Produce,Store C,5.75
2024-04-01,Apples,Produce,Store C,5.93
2024-04-02,Apples,Produce,Store C,5.7
2024-04-03,Apples,Produce,Store C,5.78
2024-04-04,Apples,Produce,Store C,5.82
2024-04-05,Apples,Produce,Store C,5.61
2024-04-06,Apples,Produce,Store C,5.96
2024-04-07,Apples,Produce,Store C,5.71
2024-04-08,Apples,Produce,Store C,5.77
2024-04-09,Apples,Produce,Store C,5.61
2024-04-10,Apples,Produce,Store C,5.3
2024-04-11,Apples,Produce,Store C,5.77
2024-04-12,Apples,Produce,Store C,6.29
2024-04-13,Apples,Produce,Store C,5.97
2024-04-14,Apples,Produce,Store C,5.81
2024-04-15,Apples,Produce,Store C,5.76
2024-04-16,Apples,Produce,Store C,5.82
2024-04-17,Apples,Produce,Store C,5.92
2024-04-18,Apples,Produce,Store C,5.58
2024-04-19,Apples,Produce,Store C,6.03
2024-04-20,Apples,Produce,Store C,5.95
2024-04-21,Apples,Produce,Store C,5.96
2024-04-22,Apples,Produce,Store C,5.9
2024-04-23,Apples,Produce,Store C,5.82
2024-04-24,Apples,Produce,Store C,5.95
2024-04-25,Apples,Produce,Store C,5.93
2024-04-26,Apples,Produce,Store C,5.74
2024-04-27,Apples,Produce,Store C,5.7
2024-04-28,Apples,Produce,Store C,5.83
2024-04-29,Apples,Produce,Store C,6.12
2024-04-30,Apples,Produce,Store C,5.56
2024-05-01,Apples,Produce,Store C,5.52
2024-05-02,Apples,Produce,Store C,5.84
2024-05-03,Apples,Produce,Store C,5.82
2024-05-04,Apples,Produce,Store C,5.85
2024-05-05,Apples,Produce,Store C,5.86
2024-05-06,Apples,Produce,Store C,5.77
2024-05-07,Apples,Produce,Store C,6.11
2024-05-08,Apples,Produce,Store C,5.49
2024-05-09,Apples,Produce,Store C,5.65
2024-05-10,Apples,Produce,Store C,5.79
2024-05-11,Apples,Produce,Store C,5.48
2024-05-12,Apples,Produce,Store C,5.78
2024-05-13,Apples,Produce,Store C,6.14
2024-05-14,Apples,Produce,Store C,5.82
2024-05-15,Apples,Produce,Store C,5.86
2024-05-16,Apples,Produce,Store C,5.56
2024-05-17,Apples,Produce,Store C,5.69
2024-05-18,Apples,Produce,Store C,5.74
2024-05-19,Apples,Produce,Store C,5.75
2024-05-20,Apples,Produce,Store C,6.07
2024-05-21,Apples,Produce,Store C,5.92
2024-05-22,Apples,Produce,Store C,5.59
2024-05-23,Apples,Produce,Store C,5.86
2024-05-24,Apples,Produce,Store C,5.91
2024-05-25,Apples,Produce,Store C,6.04
2024-05-26,Apples,Produce,Store C,6.13
2024-05-27,Apples,Produce,Store C,5.61
2024-05-28,Apples,Produce,Store C,5.65
2024-05-29,Apples,Produce,Store C,5.56
2024-05-30,Apples,Produce,Store C,5.76
2024-05-31,Apples,Produce,Store C,5.9
2024-06-01,Apples,Produce,Store C,6.01
2024-06-02,Apples,Produce,Store C,5.8
2024-06-03,Apples,Produce,Store C,5.75
2024-06-04,Apples,Produce,Store C,5.84
2024-06-05,Apples,Produce,Store C,5.64
2024-06-06,Apples,Produce,Store C,6.23
2024-06-07,Apples,Produce,Store C,5.49
2024-06-08,Apples,Produce,Store C,5.85
2024-06-09,Apples,Produce,Store C,6.22
2024-06-10,Apples,Produce,Store C,5.81
2024-06-11,Apples,Produce,Store C,5.77
2024-06-12,Apples,Produce,Store C,5.74
2024-06-13,Apples,Produce,Store C,5.78
2024-06-14,Apples,Produce,Store C,6.09
2024-06-15,Apples,Produce,Store C,5.37
2024-06-16,Apples,Produce,Store C,6.12
2024-06-17,Apples,Produce,Store C,5.53
2024-06-18,Apples,Produce,Store C,5.76
2024-06-19,Apples,Produce,Store C,5.73
2024-06-20,Apples,Produce,Store C,5.93
2024-06-21,Apples,Produce,Store C,5.49
2024-06-22,Apples,Produce,Store C,5.9
2024-06-23,Apples,Produce,Store C,6.22
2024-06-24,Apples,Produce,Store C,5.54
2024-06-25,Apples,Produce,Store C,5.85
2024-06-26,Apples,Produce,Store C,5.68
2024-06-27,Apples,Produce,Store C,5.9
2024-06-28,Apples,Produce,Store C,5.82
2024-06-29,Apples,Produce,Store C,5.68
2024-06-30,Apples,Produce,Store C,5.91
2024-01-01,Chicken,Meat,Store A,5.62
2024-01-02,Chicken,Meat,Store A,5.98
2024-01-03,Chicken,Meat,Store A,6.09
2024-01-04,Chicken,Meat,Store A,6.05
2024-01-05,Chicken,Meat,Store A,5.86
2024-01-06,Chicken,Meat,Store A,5.57
2024-01-07,Chicken,Meat,Store A,5.81
2024-01-08,Chicken,Meat,Store A,6.13
2024-01-09,Chicken,Meat,Store A,5.94
2024-01-10,Chicken,Meat,Store A,5.77
2024-01-11,Chicken,Meat,Store A,5.94
2024-01-12,Chicken,Meat,Store A,5.56
2024-01-13,Chicken,Meat,Store A,5.68
2024-01-14,Chicken,Meat,Store A,5.6
2024-01-15,Chicken,Meat,Store A,5.91
2024-01-16,Chicken,Meat,Store A,5.96
2024-01-17,Chicken,Meat,Store A,5.78
2024-01-18,Chicken,Meat,Store A,5.64
2024-01-19,Chicken,Meat,Store A,5.81
2024-01-20,Chicken,Meat,Store A,5.72
2024-01-21,Chicken,Meat,Store A,5.66
2024-01-22,Chicken,Meat,Store A,5.88
2024-01-23,Chicken,Meat,Store A,5.66
2024-01-24,Chicken,Meat,Store A,5.5
2024-01-25,Chicken,Meat,Store A,5.55
2024-01-26,Chicken,Meat,Store A,5.49
2024-01-27,Chicken,Meat,Store A,5.86
2024-01-28,Chicken,Meat,Store A,5.85
2024-01-29,Chicken,Meat,Store A,5.84
2024-01-30,Chicken,Meat,Store A,5.93
2024-01-31,Chicken,Meat,Store A,6.05
2024-02-01,Chicken,Meat,Store A,5.7
2024-02-02,Chicken,Meat,Store A,5.9
2024-02-03,Chicken,Meat,Store A,5.5
2024-02-04,Chicken,Meat,Store A,6.09
2024-02-05,Chicken,Meat,Store A,5.57
2024-02-06,Chicken,Meat,Store A,5.67
2024-02-07,Chicken,Meat,Store A,5.7
2024-02-08,Chicken,Meat,Store A,5.51
2024-02-09,Chicken,Meat,Store A,5.82
2024-02-10,Chicken,Meat,Store A,5.86
2024-02-11,Chicken,Meat,Store A,5.78
2024-02-12,Chicken,Meat,Store A,5.51
2024-02-13,Chicken,Meat,Store A,6.21
2024-02-14,Chicken,Meat,Store A,5.93
2024-02-15,Chicken,Meat,Store A,6.34
2024-02-16,Chicken,Meat,Store A,5.65
2024-02-17,Chicken,Meat,Store A,6.01
2024-02-18,Chicken,Meat,Store A,5.97
2024-02-19,Chicken,Meat,Store A,5.76
2024-02-20,Chicken,Meat,Store A,6.1
2024-02-21,Chicken,Meat,Store A,5.73
2024-02-22,Chicken,Meat,Store A,5.74
2024-02-23,Chicken,Meat,Store A,5.12
2024-02-24,Chicken,Meat,Store A,5.9
2024-02-25,Chicken,Meat,Store A,5.55
2024-02-26,Chicken,Meat,Store A,5.71
2024-02-27,Chicken,Meat,Store A,5.61
2024-02-28,Chicken,Meat,Store A,5.74
2024-02-29,Chicken,Meat,Store A,5.9
2024-03-01,Chicken,Meat,Store A,5.82
2024-03-02,Chicken,Meat,Store A,5.96
2024-03-03,Chicken,Meat,Store A,6.07
2024-03-04,Chicken,Meat,Store A,5.74
2024-03-05,Chicken,Meat,Store A,5.72
2024-03-06,Chicken,Meat,Store A,6.01
2024-03-07,Chicken,Meat,Store A,6.02
2024-03-08,Chicken,Meat,Store A,5.96
2024-03-09,Chicken,Meat,Store A,5.62
2024-03-10,Chicken,Meat,Store A,5.9
2024-03-11,Chicken,Meat,Store A,5.84
2024-03-12,Chicken,Meat,Store A,6.03
2024-03-13,Chicken,Meat,Store A,5.7
2024-03-14,Chicken,Meat,Store A,5.48
2024-03-15,Chicken,Meat,Store A,5.95
2024-03-16,Chicken,Meat,Store A,5.3
2024-03-17,Chicken,Meat,Store A,5.67
2024-03-18,Chicken,Meat,Store A,5.61
2024-03-19,Chicken,Meat,Store A,5.61
2024-03-20,Chicken,Meat,Store A,5.67
2024-03-21,Chicken,Meat,Store A,6.06
2024-03-22,Chicken,Meat,Store A,5.98
2024-03-23,Chicken,Meat,Store A,5.76
2024-03-24,Chicken,Meat,Store A,6.04
2024-03-25,Chicken,Meat,Store A,5.6
2024-03-26,Chicken,Meat,Store A,5.58
2024-03-27,Chicken,Meat,Store A,5.99
2024-03-28,Chicken,Meat,Store A,5.93
2024-03-29,Chicken,Meat,Store A,5.72
2024-03-30,Chicken,Meat,Store A,5.59
2024-03-31,Chicken,Meat,Store A,6.11
2024-04-01,Chicken,Meat,Store A,5.47
2024-04-02,Chicken,Meat,Store A,5.7
2024-04-03,Chicken,Meat,Store A,5.86
2024-04-04,Chicken,Meat,Store A,6.18
2024-04-05,Chicken,Meat,Store A,5.89
2024-04-06,Chicken,Meat,Store A,5.91
2024-04-07,Chicken,Meat,Store A,5.7
2024-04-08,Chicken,Meat,Store A,5.93
2024-04-09,Chicken,Meat,Store A,5.84
2024-04-10,Chicken,Meat,Store A,5.5
2024-04-11,Chicken,Meat,Store A,5.97
2024-04-12,Chicken,Meat,Store A,6.01
2024-04-13,Chicken,Meat,Store A,5.98
2024-04-14,Chicken,Meat,Store A,5.82
2024-04-15,Chicken,Meat,Store A,5.62
2024-04-16,Chicken,Meat,Store A,5.35
2024-04-17,Chicken,Meat,Store A,5.85
2024-04-18,Chicken,Meat,Store A,6.03
2024-04-19,Chicken,Meat,Store A,6.01
2024-04-20,Chicken,Meat,Store A,5.98
2024-04-21,Chicken,Meat,Store A,5.8
2024-04-22,Chicken,Meat,Store A,6.03
2024-04-23,Chicken,Meat,Store A,6.0
2024-04-24,Chicken,Meat,Store A,5.73
2024-04-25,Chicken,Meat,Store A,5.95
2024-04-26,Chicken,Meat,Store A,5.71
2024-04-27,Chicken,Meat,Store A,5.92
2024-04-28,Chicken,Meat,Store A,5.56
2024-04-29,Chicken,Meat,Store A,5.57
2024-04-30,Chicken,Meat,Store A,6.03
2024-05-01,Chicken,Meat,Store A,6.0
2024-05-02,Chicken,Meat,Store A,5.94
2024-05-03,Chicken,Meat,Store A,5.83
2024-05-04,Chicken,Meat,Store A,5.34
2024-05-05,Chicken,Meat,Store A,5.8
2024-05-06,Chicken,Meat,Store A,5.91
2024-05-07,Chicken,Meat,Store A,5.71
2024-05-08,Chicken,Meat,Store A,5.67
2024-05-09,Chicken,Meat,Store A,6.1
2024-05-10,Chicken,Meat,Store A,5.8
2024-05-11,Chicken,Meat,Store A,5.91
2024-05-12,Chicken,Meat,Store A,5.97
2024-05-13,Chicken,Meat,Store A,5.61
2024-05-14,Chicken,Meat,Store A,5.85
2024-05-15,Chicken,Meat,Store A,6.08
2024-05-16,Chicken,Meat,Store A,6.18
2024-05-17,Chicken,Meat,Store A,5.82
2024-05-18,Chicken,Meat,Store A,5.77
2024-05-19,Chicken,Meat,Store A,5.87
2024-05-20,Chicken,Meat,Store A,5.86
2024-05-21,Chicken,Meat,Store A,6.09
2024-05-22,Chicken,Meat,Store A,5.62
2024-05-23,Chicken,Meat,Store A,5.76
2024-05-24,Chicken,Meat,Store A,5.59
2024-05-25,Chicken,Meat,Store A,5.61
2024-05-26,Chicken,Meat,Store A,5.89
2024-05-27,Chicken,Meat,Store A,5.98
2024-05-28,Chicken,Meat,Store A,5.69
2024-05-29,Chicken,Meat,Store A,5.97
2024-05-30,Chicken,Meat,Store A,6.04
2024-05-31,Chicken,Meat,Store A,6.2
2024-06-01,Chicken,Meat,Store A,5.83
2024-06-02,Chicken,Meat,Store A,5.69
2024-06-03,Chicken,Meat,Store A,5.61
2024-06-04,Chicken,Meat,Store A,5.59
2024-06-05,Chicken,Meat,Store A,6.07
2024-06-06,Chicken,Meat,Store A,5.51
2024-06-07,Chicken,Meat,Store A,6.06
2024-06-08,Chicken,Meat,Store A,5.64
2024-06-09,Chicken,Meat,Store A,5.68
2024-06-10,Chicken,Meat,Store A,5.78
2024-06-11,Chicken,Meat,Store A,5.67
2024-06-12,Chicken,Meat,Store A,6.0
2024-06-13,Chicken,Meat,Store A,6.18
2024-06-14,Chicken,Meat,Store A,5.68
2024-06-15,Chicken,Meat,Store A,5.73
2024-06-16,Chicken,Meat,Store A,5.78
2024-06-17,Chicken,Meat,Store A,5.92
2024-06-18,Chicken,Meat,Store A,5.78
2024-06-19,Chicken,Meat,Store A,6.09
2024-06-20,Chicken,Meat,Store A,6.04
2024-06-21,Chicken,Meat,Store A,5.58
2024-06-22,Chicken,Meat,Store A,5.92
2024-06-23,Chicken,Meat,Store A,6.12
2024-06-24,Chicken,Meat,Store A,5.72
2024-06-25,Chicken,Meat,Store A,5.76
2024-06-26,Chicken,Meat,Store A,5.71
2024-06-27,Chicken,Meat,Store A,5.71
2024-06-28,Chicken,Meat,Store A,5.48
2024-06-29,Chicken,Meat,Store A,5.55
2024-06-30,Chicken,Meat,Store A,5.83
2024-01-01,Chicken,Meat,Store B,9.72
2024-01-02,Chicken,Meat,Store B,9.58
2024-01-03,Chicken,Meat,Store B,9.94
2024-01-04,Chicken,Meat,Store B,9.97
2024-01-05,Chicken,Meat,Store B,9.4
2024-01-06,Chicken,Meat,Store B,9.58
2024-01-07,Chicken,Meat,Store B,9.47
2024-01-08,Chicken,Meat,Store B,9.64
2024-01-09,Chicken,Meat,Store B,9.75
2024-01-10,Chicken,Meat,Store B,9.48
2024-01-11,Chicken,Meat,Store B,9.58
2024-01-12,Chicken,Meat,Store B,9.56
2024-01-13,Chicken,Meat,Store B,9.81
2024-01-14,Chicken,Meat,Store B,9.78
2024-01-15,Chicken,Meat,Store B,9.62
2024-01-16,Chicken,Meat,Store B,9.8
2024-01-17,Chicken,Meat,Store B,9.66
2024-01-18,Chicken,Meat,Store B,9.71
2024-01-19,Chicken,Meat,Store B,10.1
2024-01-20,Chicken,Meat,Store B,10.03
2024-01-21,Chicken,Meat,Store B,9.51
2024-01-22,Chicken,Meat,Store B,9.93
2024-01-23,Chicken,Meat,Store B,9.93
2024-01-24,Chicken,Meat,Store B,9.54
2024-01-25,Chicken,Meat,Store B,9.93
2024-01-26,Chicken,Meat,Store B,10.07
2024-01-27,Chicken,Meat,Store B,9.54
2024-01-28,Chicken,Meat,Store B,9.58
2024-01-29,Chicken,Meat,Store B,9.97
2024-01-30,Chicken,Meat,Store B,9.82
2024-01-31,Chicken,Meat,Store B,9.88
2024-02-01,Chicken,Meat,Store B,9.83
2024-02-02,Chicken,Meat,Store B,9.84
2024-02-03,Chicken,Meat,Store B,9.5
2024-02-04,Chicken,Meat,Store B,9.97
2024-02-05,Chicken,Meat,Store B,10.0
2024-02-06,Chicken,Meat,Store B,9.72
2024-02-07,Chicken,Meat,Store B,9.76
2024-02-08,Chicken,Meat,Store B,9.46
2024-02-09,Chicken,Meat,Store B,9.87
2024-02-10,Chicken,Meat,Store B,9.88
2024-02-11,Chicken,Meat,Store B,9.75
2024-02-12,Chicken,Meat,Store B,9.99
2024-02-13,Chicken,Meat,Store B,9.7
2024-02-14,Chicken,Meat,Store B,9.88
2024-02-15,Chicken,Meat,Store B,9.56
2024-02-16,Chicken,Meat,Store B,9.76
2024-02-17,Chicken,Meat,Store B,9.73
2024-02-18,Chicken,Meat,Store B,9.81
2024-02-19,Chicken,Meat,Store B,9.69
2024-02-20,Chicken,Meat,Store B,9.74
2024-02-21,Chicken,Meat,Store B,9.93
2024-02-22,Chicken,Meat,Store B,9.68
2024-02-23,Chicken,Meat,Store B,9.44
2024-02-24,Chicken,Meat,Store B,10.12
2024-02-25,Chicken,Meat,Store B,10.04
2024-02-26,Chicken,Meat,Store B,9.51
2024-02-27,Chicken,Meat,Store B,9.9
2024-02-28,Chicken,Meat,Store B,9.66
2024-02-29,Chicken,Meat,Store B,9.82
2024-03-01,Chicken,Meat,Store B,9.82
2024-03-02,Chicken,Meat,Store B,9.72
2024-03-03,Chicken,Meat,Store B,9.61
2024-03-04,Chicken,Meat,Store B,9.63
2024-03-05,Chicken,Meat,Store B,9.58
2024-03-06,Chicken,Meat,Store B,9.6
2024-03-07,Chicken,Meat,Store B,9.75
2024-03-08,Chicken,Meat,Store B,9.62
2024-03-09,Chicken,Meat,Store B,9.9
2024-03-10,Chicken,Meat,Store B,10.06
2024-03-11,Chicken,Meat,Store B,9.65
2024-03-12,Chicken,Meat,Store B,9.81
2024-03-13,Chicken,Meat,Store B,9.87
2024-03-14,Chicken,Meat,Store B,9.86
2024-03-15,Chicken,Meat,Store B,9.78
2024-03-16,Chicken,Meat,Store B,9.91
2024-03-17,Chicken,Meat,Store B,9.86
2024-03-18,Chicken,Meat,Store B,9.52
2024-03-19,Chicken,Meat,Store B,9.94
2024-03-20,Chicken,Meat,Store B,9.94
2024-03-21,Chicken,Meat,Store B,9.61
2024-03-22,Chicken,Meat,Store B,9.77
2024-03-23,Chicken,Meat,Store B,9.9
2024-03-24,Chicken,Meat,Store B,9.72
2024-03-25,Chicken,Meat,Store B,9.98
2024-03-26,Chicken,Meat,Store B,10.24
2024-03-27,Chicken,Meat,Store B,9.61
2024-03-28,Chicken,Meat,Store B,9.49
2024-03-29,Chicken,Meat,Store B,9.83
2024-03-30,Chicken,Meat,Store B,9.91
2024-03-31,Chicken,Meat,Store B,9.72
2024-04-01,Chicken,Meat,Store B,10.06
2024-04-02,Chicken,Meat,Store B,9.5
2024-04-03,Chicken,Meat,Store B,9.9
2024-04-04,Chicken,Meat,Store B,9.64
2024-04-05,Chicken,Meat,Store B,10.11
2024-04-06,Chicken,Meat,Store B,10.16
2024-04-07,Chicken,Meat,Store B,9.61
2024-04-08,Chicken,Meat,Store B,9.66
2024-04-09,Chicken,Meat,Store B,9.94
2024-04-10,Chicken,Meat,Store B,9.69
2024-04-11,Chicken,Meat,Store B,9.76
2024-04-12,Chicken,Meat,Store B,9.77
2024-04-13,Chicken,Meat,Store B,9.38
2024-04-14,Chicken,Meat,Store B,9.76
2024-04-15,Chicken,Meat,Store B,9.63
2024-04-16,Chicken,Meat,Store B,9.67
2024-04-17,Chicken,Meat,Store B,10.05
2024-04-18,Chicken,Meat,Store B,9.51
2024-04-19,Chicken,Meat,Store B,9.93
2024-04-20,Chicken,Meat,Store B,9.71
2024-04-21,Chicken,Meat,Store B,9.71
2024-04-22,Chicken,Meat,Store B,9.92
2024-04-23,Chicken,Meat,Store B,9.83
2024-04-24,Chicken,Meat,Store B,9.88
2024-04-25,Chicken,Meat,Store B,9.96
2024-04-26,Chicken,Meat,Store B,9.7
2024-04-27,Chicken,Meat,Store B,9.64
2024-04-28,Chicken,Meat,Store B,9.55
2024-04-29,Chicken,Meat,Store B,9.6
2024-04-30,Chicken,Meat,Store B,10.36
2024-05-01,Chicken,Meat,Store B,10.01
2024-05-02,Chicken,Meat,Store B,9.5
2024-05-03,Chicken,Meat,Store B,9.5
2024-05-04,Chicken,Meat,Store B,9.86
2024-05-05,Chicken,Meat,Store B,9.87
2024-05-06,Chicken,Meat,Store B,9.88
2024-05-07,Chicken,Meat,Store B,9.71
2024-05-08,Chicken,Meat,Store B,9.74
2024-05-09,Chicken,Meat,Store B,9.83
2024-05-10,Chicken,Meat,Store B,9.78
2024-05-11,Chicken,Meat,Store B,9.32
2024-05-12,Chicken,Meat,Store B,9.72
2024-05-13,Chicken,Meat,Store B,9.6
2024-05-14,Chicken,Meat,Store B,9.8
2024-05-15,Chicken,Meat,Store B,10.36
2024-05-16,Chicken,Meat,Store B,9.84
2024-05-17,Chicken,Meat,Store B,9.7
2024-05-18,Chicken,Meat,Store B,9.95
2024-05-19,Chicken,Meat,Store B,9.86
2024-05-20,Chicken,Meat,Store B,9.85
2024-05-21,Chicken,Meat,Store B,9.89
2024-05-22,Chicken,Meat,Store B,10.18
2024-05-23,Chicken,Meat,Store B,9.54
2024-05-24,Chicken,Meat,Store B,9.86
2024-05-25,Chicken,Meat,Store B,9.58
2024-05-26,Chicken,Meat,Store B,9.88
2024-05-27,Chicken,Meat,Store B,9.58
2024-05-28,Chicken,Meat,Store B,9.68
2024-05-29,Chicken,Meat,Store B,9.71
2024-05-30,Chicken,Meat,Store B,9.96
2024-05-31,Chicken,Meat,Store B,9.95
2024-06-01,Chicken,Meat,Store B,9.52
2024-06-02,Chicken,Meat,Store B,9.78
2024-06-03,Chicken,Meat,Store B,9.62
2024-06-04,Chicken,Meat,Store B,9.51
2024-06-05,Chicken,Meat,Store B,9.72
2024-06-06,Chicken,Meat,Store B,9.7
2024-06-07,Chicken,Meat,Store B,10.25
2024-06-08,Chicken,Meat,Store B,9.85
2024-06-09,Chicken,Meat,Store B,9.49
2024-06-10,Chicken,Meat,Store B,9.65
2024-06-11,Chicken,Meat,Store B,9.97
2024-06-12,Chicken,Meat,Store B,10.18
2024-06-13,Chicken,Meat,Store B,9.45
2024-06-14,Chicken,Meat,Store B,9.39
2024-06-15,Chicken,Meat,Store B,10.14
2024-06-16,Chicken,Meat,Store B,9.84
2024-06-17,Chicken,Meat,Store B,9.59
2024-06-18,Chicken,Meat,Store B,9.87
2024-06-19,Chicken,Meat,Store B,9.24
2024-06-20,Chicken,Meat,Store B,9.77
2024-06-21,Chicken,Meat,Store B,9.83
2024-06-22,Chicken,Meat,Store B,9.95
2024-06-23,Chicken,Meat,Store B,9.56
2024-06-24,Chicken,Meat,Store B,9.78
2024-06-25,Chicken,Meat,Store B,9.58
2024-06-26,Chicken,Meat,Store B,9.82
2024-06-27,Chicken,Meat,Store B,9.59
2024-06-28,Chicken,Meat,Store B,9.68
2024-06-29,Chicken,Meat,Store B,9.57
2024-06-30,Chicken,Meat,Store B,9.9
2024-01-01,Chicken,Meat,Store C,5.11
2024-01-02,Chicken,Meat,Store C,5.17
2024-01-03,Chicken,Meat,Store C,4.6
2024-01-04,Chicken,Meat,Store C,5.19
2024-01-05,Chicken,Meat,Store C,5.13
2024-01-06,Chicken,Meat,Store C,4.98
2024-01-07,Chicken,Meat,Store C,5.54
2024-01-08,Chicken,Meat,Store C,5.33
2024-01-09,Chicken,Meat,Store C,4.92
2024-01-10,Chicken,Meat,Store C,5.3
2024-01-11,Chicken,Meat,Store C,5.38
2024-01-12,Chicken,Meat,Store C,5.16
2024-01-13,Chicken,Meat,Store C,5.21
2024-01-14,Chicken,Meat,Store C,5.2
2024-01-15,Chicken,Meat,Store C,4.72
2024-01-16,Chicken,Meat,Store C,5.1
2024-01-17,Chicken,Meat,Store C,5.09
2024-01-18,Chicken,Meat,Store C,5.42
2024-01-19,Chicken,Meat,Store C,5.2
2024-01-20,Chicken,Meat,Store C,5.08
2024-01-21,Chicken,Meat,Store C,5.12
2024-01-22,Chicken,Meat,Store C,5.34
2024-01-23,Chicken,Meat,Store C,5.1
2024-01-24,Chicken,Meat,Store C,5.0
2024-01-25,Chicken,Meat,Store C,5.08
2024-01-26,Chicken,Meat,Store C,5.32
2024-01-27,Chicken,Meat,Store C,5.23
2024-01-28,Chicken,Meat,Store C,5.14
2024-01-29,Chicken,Meat,Store C,5.17
2024-01-30,Chicken,Meat,Store C,5.02
2024-01-31,Chicken,Meat,Store C,5.1
2024-02-01,Chicken,Meat,Store C,5.0
2024-02-02,Chicken,Meat,Store C,5.08
2024-02-03,Chicken,Meat,Store C,5.4
2024-02-04,Chicken,Meat,Store C,4.92
2024-02-05,Chicken,Meat,Store C,5.0
2024-02-06,Chicken,Meat,Store C,4.88
2024-02-07,Chicken,Meat,Store C,4.84
2024-02-08,Chicken,Meat,Store C,5.1
2024-02-09,Chicken,Meat,Store C,5.01
2024-02-10,Chicken,Meat,Store C,5.49
2024-02-11,Chicken,Meat,Store C,5.08
2024-02-12,Chicken,Meat,Store C,5.39
2024-02-13,Chicken,Meat,Store C,5.33
2024-02-14,Chicken,Meat,Store C,5.09
2024-02-15,Chicken,Meat,Store C,5.56
2024-02-16,Chicken,Meat,Store C,5.19
2024-02-17,Chicken,Meat,Store C,5.44
2024-02-18,Chicken,Meat,Store C,5.41
2024-02-19,Chicken,Meat,Store C,5.22
2024-02-20,Chicken,Meat,Store C,5.29
2024-02-21,Chicken,Meat,Store C,5.26
2024-02-22,Chicken,Meat,Store C,4.91
2024-02-23,Chicken,Meat,Store C,5.15
2024-02-24,Chicken,Meat,Store C,5.35
2024-02-25,Chicken,Meat,Store C,5.44
2024-02-26,Chicken,Meat,Store C,4.99
2024-02-27,Chicken,Meat,Store C,5.24
2024-02-28,Chicken,Meat,Store C,5.17
2024-02-29,Chicken,Meat,Store C,5.11
2024-03-01,Chicken,Meat,Store C,5.21
2024-03-02,Chicken,Meat,Store C,5.18
2024-03-03,Chicken,Meat,Store C,5.24
2024-03-04,Chicken,Meat,Store C,5.42
2024-03-05,Chicken,Meat,Store C,5.29
2024-03-06,Chicken,Meat,Store C,5.2
2024-03-07,Chicken,Meat,Store C,5.51
2024-03-08,Chicken,Meat,Store C,5.36
2024-03-09,Chicken,Meat,Store C,5.12
2024-03-10,Chicken,Meat,Store C,4.89
2024-03-11,Chicken,Meat,Store C,4.94
2024-03-12,Chicken,Meat,Store C,5.32
2024-03-13,Chicken,Meat,Store C,5.01
2024-03-14,Chicken,Meat,Store C,4.93
2024-03-15,Chicken,Meat,Store C,4.98
2024-03-16,Chicken,Meat,Store C,5.0
2024-03-17,Chicken,Meat,Store C,5.31
2024-03-18,Chicken,Meat,Store C,5.1
2024-03-19,Chicken,Meat,Store C,4.86
2024-03-20,Chicken,Meat,Store C,5.14
2024-03-21,Chicken,Meat,Store C,5.18
2024-03-22,Chicken,Meat,Store C,5.04
2024-03-23,Chicken,Meat,Store C,5.37
2024-03-24,Chicken,Meat,Store C,5.05
2024-03-25,Chicken,Meat,Store C,5.36
2024-03-26,Chicken,Meat,Store C,5.25
2024-03-27,Chicken,Meat,Store C,5.32
2024-03-28,Chicken,Meat,Store C,4.92
2024-03-29,Chicken,Meat,Store C,5.15
2024-03-30,Chicken,Meat,Store C,5.12
2024-03-31,Chicken,Meat,Store C,4.85
2024-04-01,Chicken,Meat,Store C,5.36
2024-04-02,Chicken,Meat,Store C,4.97
2024-04-03,Chicken,Meat,Store C,5.01
2024-04-04,Chicken,Meat,Store C,4.93
2024-04-05,Chicken,Meat,Store C,5.28
2024-04-06,Chicken,Meat,Store C,4.83
2024-04-07,Chicken,Meat,Store C,5.26
2024-04-08,Chicken,Meat,Store C,5.34
2024-04-09,Chicken,Meat,Store C,5.24
2024-04-10,Chicken,Meat,Store C,5.28
2024-04-11,Chicken,Meat,Store C,5.29
2024-04-12,Chicken,Meat,Store C,4.94
2024-04-13,Chicken,Meat,Store C,5.42
2024-04-14,Chicken,Meat,Store C,5.04
2024-04-15,Chicken,Meat,Store C,5.12
2024-04-16,Chicken,Meat,Store C,5.07
2024-04-17,Chicken,Meat,Store C,5.23
2024-04-18,Chicken,Meat,Store C,5.03
2024-04-19,Chicken,Meat,Store C,5.15
2024-04-20,Chicken,Meat,Store C,4.89
2024-04-21,Chicken,Meat,Store C,5.37
2024-04-22,Chicken,Meat,Store C,5.27
2024-04-23,Chicken,Meat,Store C,5.08
2024-04-24,Chicken,Meat,Store C,5.04
2024-04-25,Chicken,Meat,Store C,5.26
2024-04-26,Chicken,Meat,Store C,4.99
2024-04-27,Chicken,Meat,Store C,5.16
2024-04-28,Chicken,Meat,Store C,5.37
2024-04-29,Chicken,Meat,Store C,4.97
2024-04-30,Chicken,Meat,Store C,5.21
2024-05-01,Chicken,Meat,Store C,5.2
2024-05-02,Chicken,Meat,Store C,5.12
2024-05-03,Chicken,Meat,Store C,5.03
2024-05-04,Chicken,Meat,Store C,5.38
2024-05-05,Chicken,Meat,Store C,5.02
2024-05-06,Chicken,Meat,Store C,4.77
2024-05-07,Chicken,Meat,Store C,5.26
2024-05-08,Chicken,Meat,Store C,4.89
2024-05-09,Chicken,Meat,Store C,5.27
2024-05-10,Chicken,Meat,Store C,5.4
2024-05-11,Chicken,Meat,Store C,5.26
2024-05-12,Chicken,Meat,Store C,5.35
2024-05-13,Chicken,Meat,Store C,5.54
2024-05-14,Chicken,Meat,Store C,5.33
2024-05-15,Chicken,Meat,Store C,5.2
2024-05-16,Chicken,Meat,Store C,5.46
2024-05-17,Chicken,Meat,Store C,5.49
2024-05-18,Chicken,Meat,Store C,5.49
2024-05-19,Chicken,Meat,Store C,5.04
2024-05-20,Chicken,Meat,Store C,4.86
2024-05-21,Chicken,Meat,Store C,5.02
2024-05-22,Chicken,Meat,Store C,5.28
2024-05-23,Chicken,Meat,Store C,5.17
2024-05-24,Chicken,Meat,Store C,5.09
2024-05-25,Chicken,Meat,Store C,5.25
2024-05-26,Chicken,Meat,Store C,4.84
2024-05-27,Chicken,Meat,Store C,5.16
2024-05-28,Chicken,Meat,Store C,5.36
2024-05-29,Chicken,Meat,Store C,5.24
2024-05-30,Chicken,Meat,Store C,5.27
2024-05-31,Chicken,Meat,Store C,5.45
2024-06-01,Chicken,Meat,Store C,5.12
2024-06-02,Chicken,Meat,Store C,5.0
2024-06-03,Chicken,Meat,Store C,5.37
2024-06-04,Chicken,Meat,Store C,5.37
2024-06-05,Chicken,Meat,Store C,5.25
2024-06-06,Chicken,Meat,Store C,5.1
2024-06-07,Chicken,Meat,Store C,5.14
2024-06-08,Chicken,Meat,Store C,4.88
2024-06-09,Chicken,Meat,Store C,5.36
2024-06-10,Chicken,Meat,Store C,5.35
2024-06-11,Chicken,Meat,Store C,4.87
2024-06-12,Chicken,Meat,Store C,5.31
2024-06-13,Chicken,Meat,Store C,5.22
2024-06-14,Chicken,Meat,Store C,4.93
2024-06-15,Chicken,Meat,Store C,4.89
2024-06-16,Chicken,Meat,Store C,5.21
2024-06-17,Chicken,Meat,Store C,5.06
2024-06-18,Chicken,Meat,Store C,5.5
2024-06-19,Chicken,Meat,Store C,5.33
2024-06-20,Chicken,Meat,Store C,5.23
2024-06-21,Chicken,Meat,Store C,5.24
2024-06-22,Chicken,Meat,Store C,5.4
2024-06-23,Chicken,Meat,Store C,5.3
2024-06-24,Chicken,Meat,Store C,5.23
2024-06-25,Chicken,Meat,Store C,4.94
2024-06-26,Chicken,Meat,Store C,5.75
2024-06-27,Chicken,Meat,Store C,4.91
2024-06-28,Chicken,Meat,Store C,5.07
2024-06-29,Chicken,Meat,Store C,4.8
2024-06-30,Chicken,Meat,Store C,5.24
